hexsha,target,predicate,generalized_target,generalized_predicate,similar_target,spec_target,spec_predicate,reason,evidence,similarity_score
c158cf914713,A call to fwnode_get_named_child_node(),The returned fwnode handle must be released with fwnode_handle_put().,Function that acquires a reference to a firmware node,The acquired reference must be released with the corresponding put function when no longer needed.,of_fpga_mgr_get,A call to of_fpga_mgr_get(),The returned fpga_manager reference must be released with fpga_mgr_put() when no longer needed,Function acquires and returns an FPGA manager reference that must be properly released to prevent resource leaks,drivers/fpga/fpga-mgr.c:10: 'mgr = __fpga_mgr_get(mgr_dev)' - acquires manager reference; usage example shows returned manager needs lifecycle management,0.4447386264801025
c158cf914713,A call to fwnode_get_named_child_node(),The returned fwnode handle must be released with fwnode_handle_put().,Function that acquires a reference to a firmware node,The acquired reference must be released with the corresponding put function when no longer needed.,of_graph_get_remote_endpoint,A call to of_graph_get_remote_endpoint(),The returned device_node pointer must be released with of_node_put() when no longer needed,Function acquires a device_node reference via of_parse_phandle() which requires release with of_node_put(),of_graph_get_remote_endpoint calls of_parse_phandle() which increments reference count; Usage Example 1: uses __free(device_node) annotation showing automatic cleanup is needed; Usage Example 2: gets reference but doesn't show explicit release (potential leak),0.436100959777832
c158cf914713,A call to fwnode_get_named_child_node(),The returned fwnode handle must be released with fwnode_handle_put().,Function that acquires a reference to a firmware node,The acquired reference must be released with the corresponding put function when no longer needed.,request_firmware,A call to request_firmware(),The acquired firmware reference must be released with release_firmware() when no longer needed,request_firmware acquires a firmware reference that must be released with release_firmware when no longer needed,Usage Example 1: release_fw: release_firmware(*firmware_p);; Usage Example 3: release_firmware(fw);; Function allocates firmware resource via _request_firmware that requires cleanup,0.4261659383773803
c158cf914713,A call to fwnode_get_named_child_node(),The returned fwnode handle must be released with fwnode_handle_put().,Function that acquires a reference to a firmware node,The acquired reference must be released with the corresponding put function when no longer needed.,request_firmware_into_buf,A call to request_firmware_into_buf(),The acquired firmware reference must be released with release_firmware() when no longer needed.,request_firmware_into_buf acquires firmware references that must be released to prevent memory leaks,"Usage Example 1: drivers/remoteproc/qcom_q6v5_mss.c:1234: 'ret = request_firmware_into_buf(&seg_fw, fw_name, qproc->dev, ptr, phdr->p_filesz);' followed by 'release_firmware(seg_fw);'; Usage Example 2: drivers/soc/qcom/mdt_loader.c:89: 'ret = request_firmware_into_buf(&seg_fw, seg_name, dev, ptr, phdr->p_filesz);' followed by 'release_firmware(seg_fw);'; Usage Example 3: drivers/i2c/i2c-slave-eeprom.c:78: 'ret = request_firmware_into_buf(&fw, eeprom_data, &client->dev, eeprom->buffer, size);' followed by 'release_firmware(fw);'",0.4100126028060913
c158cf914713,A call to fwnode_get_named_child_node(),The returned fwnode handle must be released with fwnode_handle_put().,Function that acquires a reference to a firmware node,The acquired reference must be released with the corresponding put function when no longer needed.,fwnode_get_phy_node,A call to fwnode_get_phy_node(),The returned fwnode handle must be released with fwnode_handle_put() when no longer needed,"Function acquires firmware node references via fwnode_find_reference() calls and returns them to caller, requiring proper cleanup",fwnode_get_phy_node calls fwnode_find_reference() which acquires references; Usage Example 1: fwnode_handle_put(phy_fwnode) after use; Usage Example 2: fwnode_handle_put(phy_fwnode) with comment 'We're done with the phy_node handle',0.3926440477371216
c158cf914713,A call to fwnode_get_named_child_node(),The returned fwnode handle must be released with fwnode_handle_put().,Function that acquires a reference to a firmware node,The acquired reference must be released with the corresponding put function when no longer needed.,of_slim_get_device,A call to of_slim_get_device(),The returned slim_device reference must be released with the corresponding put function when no longer needed,"Function follows kernel 'get' naming convention indicating reference acquisition, and usage examples show devices being stored long-term without visible release calls",Function name pattern 'of_slim_get_device' suggests reference acquisition; Usage Example 1: wcd->slim_ifc_dev = of_slim_get_device(...) - stored but no visible put; Usage Example 2: wcd->sidev = of_slim_get_device(...) - stored but no visible put,0.3680850267410278
c158cf914713,A call to fwnode_get_named_child_node(),The returned fwnode handle must be released with fwnode_handle_put().,Function that acquires a reference to a firmware node,The acquired reference must be released with the corresponding put function when no longer needed.,of_map_id,A call to of_map_id() that returns a device node via the target parameter,The returned device node reference must be released with of_node_put() when no longer needed.,"Function acquires device node references via of_find_node_by_phandle() and returns them to callers through the target parameter, requiring proper reference management",drivers/of/base.c:1234: 'phandle_node = of_find_node_by_phandle(phandle);'; drivers/of/base.c:1240: '*target = phandle_node;'; usage example 1: 'of_node_put(iommu_spec.np);'; usage example 2: 'of_node_put(target);',0.3655604124069214
c158cf914713,A call to fwnode_get_named_child_node(),The returned fwnode handle must be released with fwnode_handle_put().,Function that acquires a reference to a firmware node,The acquired reference must be released with the corresponding put function when no longer needed.,of_graph_get_endpoint_by_regs,A call to of_graph_get_endpoint_by_regs(),The returned device_node pointer must be released with of_node_put() when no longer needed,Function returns a device_node with incremented reference count that must be released,Usage Example 1: 'of_node_put(dsi_out);' - caller releases the returned endpoint node; Usage Example 2: 'of_node_put(dsi_in);' - caller releases the returned endpoint node; Usage Example 3: 'of_node_put(endpoint_node);' - caller releases the returned endpoint node; All usage examples consistently call of_node_put() on the returned node,0.3632814884185791
c158cf914713,A call to fwnode_get_named_child_node(),The returned fwnode handle must be released with fwnode_handle_put().,Function that acquires a reference to a firmware node,The acquired reference must be released with the corresponding put function when no longer needed.,drm_syncobj_get,A call to drm_syncobj_get(),The acquired syncobj reference must be released with drm_syncobj_put() when no longer needed.,"drm_syncobj_get acquires a reference to a DRM sync object by incrementing its reference count, and the usage examples show it must be paired with drm_syncobj_put to release the reference",drm_syncobj.c:1: 'kref_get(&obj->refcount)' - increments reference count; usage example 2: 'drm_syncobj_put(syncobj)' - shows corresponding put function; usage example 1: drm_syncobj_find returns object with acquired reference that caller must release; usage example 3: drm_syncobj_get called before storing object in file descriptor,0.3544158935546875
fa0308134d26,A call to dma_map_single for DMA memory mapping,The returned DMA address must be checked using dma_mapping_error before being used.,function that performs DMA memory mapping,The returned DMA address must be checked using dma_mapping_error before being used or processed further.,__skb_frag_dma_map,The __skb_frag_dma_map function that maps SKB fragments for DMA,The returned DMA address must be checked using dma_mapping_error before being used or processed further,"This function performs DMA memory mapping and returns a DMA address that could fail, requiring error checking before use",function returns dma_addr_t from dma_map_page() which can fail; dma_map_page() is a standard DMA API function that requires error checking; function documentation confirms it 'maps a paged fragment via the DMA API',0.4348235130310058
10d6bdf53290,A call to of_find_device_by_node() that takes a reference to a device.,The reference must be released with put_device() when the device is no longer needed.,Function that acquires a reference to a device object,"The reference must be properly released with put_device() when the device is no longer needed, before all possible exit paths from the function.",device_find_child,A call to device_find_child() that returns a device with an acquired reference,"The returned device reference must be released with put_device() when the device is no longer needed, before all possible exit paths from the calling function","device_find_child() acquires a device reference via get_device() and returns it to callers, who must release it with put_device()",device_find_child:11: 'get_device(child);' - function explicitly takes a reference before returning; usage example 1: 'put_device(&nvdimm->dev);' - caller properly releases reference; usage example 2: 'put_device(dev);' - caller explicitly drops reference with comment about device_find_child bumping refcnt; usage example 3: no put_device() call - potential reference leak,0.4085522294044494
10d6bdf53290,A call to of_find_device_by_node() that takes a reference to a device.,The reference must be released with put_device() when the device is no longer needed.,Function that acquires a reference to a device object,"The reference must be properly released with put_device() when the device is no longer needed, before all possible exit paths from the function.",of_slim_get_device,of_slim_get_device() function that acquires a reference to a slim device,"The returned slim device reference must be released with put_device() when the device is no longer needed, before all possible exit paths from the calling function",Function acquires a reference to a slim device that must be released,Function name pattern 'of_*_get_device' indicates reference acquisition; Usage Example 2: wcd->slim_ifc_dev = of_slim_get_device(...) - stored for long-term use without put_device(); Usage Example 3: wcd->sidev = of_slim_get_device(...) - stored for long-term use without put_device(); All usage examples lack corresponding put_device() calls,0.384814977645874
10d6bdf53290,A call to of_find_device_by_node() that takes a reference to a device.,The reference must be released with put_device() when the device is no longer needed.,Function that acquires a reference to a device object,"The reference must be properly released with put_device() when the device is no longer needed, before all possible exit paths from the function.",bus_find_device,A call to bus_find_device() that returns a device with an acquired reference,The returned device reference must be released with put_device() when the device is no longer needed,"Function explicitly calls get_device() on found device before returning, acquiring a reference that callers must release",bus_find_device:15: 'get_device(dev);'; usage example 1: put_device(dev);; usage example 3: put_device(dev);,0.3839513063430786
10d6bdf53290,A call to of_find_device_by_node() that takes a reference to a device.,The reference must be released with put_device() when the device is no longer needed.,Function that acquires a reference to a device object,"The reference must be properly released with put_device() when the device is no longer needed, before all possible exit paths from the function.",backlight_device_get_by_name,backlight_device_get_by_name() function that acquires a reference to a backlight device,"The returned backlight device reference must be properly released with put_device(&backlight_dev->dev) when the device is no longer needed, before all possible exit paths from the calling function",Function calls class_find_device_by_name() which acquires a device reference that must be released,"backlight.c:1: 'dev = class_find_device_by_name(&backlight_class, name);' - acquires device reference; usage example 1: 'put_device(&kbd->backlight_dev->dev);' - caller properly releases reference; usage example 2: 'put_device(&bd->dev);' - caller properly releases reference",0.3814110159873962
10d6bdf53290,A call to of_find_device_by_node() that takes a reference to a device.,The reference must be released with put_device() when the device is no longer needed.,Function that acquires a reference to a device object,"The reference must be properly released with put_device() when the device is no longer needed, before all possible exit paths from the function.",class_find_device_by_name,A call to class_find_device_by_name() that acquires a reference to a device object,"The reference must be released with put_device() when the device is no longer needed, before all possible exit paths from the function",Function acquires device reference via class_find_device() and usage examples show reference leaks,Usage Example 2: wpan_phy_find returns device without put_device(); Usage Example 3: mdio_find_bus returns device without put_device(); Usage Example 1: rtc_class_open correctly calls put_device() on error path,0.3782416582107544
10d6bdf53290,A call to of_find_device_by_node() that takes a reference to a device.,The reference must be released with put_device() when the device is no longer needed.,Function that acquires a reference to a device object,"The reference must be properly released with put_device() when the device is no longer needed, before all possible exit paths from the function.",device_find_child_by_name,A call to device_find_child_by_name() that returns a device reference,"The returned device reference must be released with put_device() when the device is no longer needed, before all possible exit paths from the function",device_find_child_by_name acquires a reference to a device object that must be released to prevent memory leaks,Usage Example 1: put_device(&ndns->dev); /* from device_find_child */; Usage Example 2: put_device(victim);; Usage Example 3: put_device(csi_dev);,0.3760472536087036
10d6bdf53290,A call to of_find_device_by_node() that takes a reference to a device.,The reference must be released with put_device() when the device is no longer needed.,Function that acquires a reference to a device object,"The reference must be properly released with put_device() when the device is no longer needed, before all possible exit paths from the function.",driver_find_device_by_name,A call to driver_find_device_by_name() that returns a device with an acquired reference,The returned device reference must be released with put_device() when the device is no longer needed by the caller,Function acquires a device reference via driver_find_device() that must be released by caller to prevent memory leaks,"driver_find_device_by_name calls driver_find_device() which takes a reference; usage example: get_ccwdev_by_busid() returns device without put_device(), passing reference responsibility to caller",0.3748916387557983
10d6bdf53290,A call to of_find_device_by_node() that takes a reference to a device.,The reference must be released with put_device() when the device is no longer needed.,Function that acquires a reference to a device object,"The reference must be properly released with put_device() when the device is no longer needed, before all possible exit paths from the function.",bus_find_device_by_name,A call to bus_find_device_by_name() that returns a device reference,"The returned device reference must be released with put_device() when the device is no longer needed, before all possible exit paths from the calling function","bus_find_device_by_name acquires a reference to a device object via bus_find_device() and returns it to the caller, requiring proper reference management",Usage Example 2: qm_get_qos_value gets device reference but never releases it with put_device(); Function wraps bus_find_device() which takes a reference per kernel convention; Usage Example 3 shows correct pattern: pci_dev_put() is called to release reference,0.3742429614067077
10d6bdf53290,A call to of_find_device_by_node() that takes a reference to a device.,The reference must be released with put_device() when the device is no longer needed.,Function that acquires a reference to a device object,"The reference must be properly released with put_device() when the device is no longer needed, before all possible exit paths from the function.",class_find_device_by_fwnode,A call to class_find_device_by_fwnode() that acquires a reference to a device object,"The reference must be released with put_device() when the device is no longer needed, before all possible exit paths from the function",Function acquires device reference via class_find_device() that must be released to prevent memory leaks,class_find_device_by_fwnode calls class_find_device() which increments device reference count; Usage Example 1: dev = class_find_device_by_fwnode() followed by to_role_switch(dev) without put_device(); Usage Example 2: Same pattern - reference acquired but never released; Usage Example 3: Same pattern - reference leak present,0.3655480742454529
10d6bdf53290,A call to of_find_device_by_node() that takes a reference to a device.,The reference must be released with put_device() when the device is no longer needed.,Function that acquires a reference to a device object,"The reference must be properly released with put_device() when the device is no longer needed, before all possible exit paths from the function.",driver_find_device_by_of_node,A call to driver_find_device_by_of_node() that acquires a reference to a device object,"The device reference must be released with put_device() when the device is no longer needed, before all possible exit paths from the function",Function acquires device reference via driver_find_device() but all usage examples show reference leaks,"drivers/amba/tegra-ahb.c: dev = driver_find_device_by_of_node(&tegra_ahb_driver.driver, dn); /* no put_device() */; drivers/soc/samsung/exynos-pmu.c: dev = driver_find_device_by_of_node(&exynos_pmu_driver.driver, (void *)pmu_np); /* no put_device() */; drivers/firmware/altera_s10.c: dev = driver_find_device_by_of_node(&altr_sysmgr_driver.driver, (void *)sysmgr_np); /* no put_device() */",0.362902820110321
10d6bdf53290,A call to of_find_device_by_node() that takes a reference to a device.,The reference must be released with put_device() when the device is no longer needed.,Function that acquires a reference to a device object,"The reference must be properly released with put_device() when the device is no longer needed, before all possible exit paths from the function.",slim_get_device,slim_get_device() function that acquires a reference to a SLiM device,"The acquired device reference must be released with put_device() when the device is no longer needed, before all possible exit paths from the calling function","Function acquires device references through find_slim_device() or slim_alloc_device() but never releases them, creating reference leaks","slim_get_device.c:7: 'sbdev = find_slim_device(ctrl, e_addr);' - acquires reference to existing device; slim_get_device.c:9: 'sbdev = slim_alloc_device(ctrl, e_addr, NULL);' - creates device with initial reference; usage example: slim_get_device() called but no corresponding put_device() to release reference",0.3604211807250976
10d6bdf53290,A call to of_find_device_by_node() that takes a reference to a device.,The reference must be released with put_device() when the device is no longer needed.,Function that acquires a reference to a device object,"The reference must be properly released with put_device() when the device is no longer needed, before all possible exit paths from the function.",netdev_get_by_index,A call to netdev_get_by_index() that acquires a reference to a network device object,"The reference must be properly released with netdev_put() when the device is no longer needed, before all possible exit paths from the function",netdev_get_by_index acquires a reference to a network device object that must be properly released,"netdev_get_by_index calls dev_get_by_index which takes a reference; Usage Example 1: netdev_put(dev, &ctx->dev_tracker) releases the reference on error path; Usage Example 2: netdev_put(dev, &req_info->dev_tracker) releases the reference on error path; Usage Example 3: netdev_put(dev, &dev_tracker) releases the reference after use",0.3589740991592407
10d6bdf53290,A call to of_find_device_by_node() that takes a reference to a device.,The reference must be released with put_device() when the device is no longer needed.,Function that acquires a reference to a device object,"The reference must be properly released with put_device() when the device is no longer needed, before all possible exit paths from the function.",device_find_any_child,A call to device_find_any_child() that returns a reference to a child device,"The reference must be released with put_device() when the device is no longer needed, before all possible exit paths from the function",device_find_any_child() calls device_find_child() which acquires a reference to the found device that must be released,device_find_any_child calls device_find_child() which takes a reference; Usage Example 1: put_device(child) called correctly; Usage Example 2: put_device(child) called correctly; Usage Example 3: missing put_device(child_dev) - reference leak bug,0.3538087606430053
e3862093ee93,A call to of_phy_find_device() followed by phy_device_remove().,The returned phy_device must be freed with phy_device_free() to balance the refcount.,Function that acquires a reference-counted device object,"When the device object is no longer needed, its reference count must be decremented by calling the appropriate release function",get_device,A call to get_device() that increments the reference count of a device object,The device object must have its reference count decremented by calling put_device() when no longer needed to prevent memory leaks,The get_device function increments reference count and requires corresponding put_device calls to prevent memory leaks,get_device.c:1: 'return dev ? kobj_to_dev(kobject_get(&dev->kobj)) : NULL;' - increments reference via kobject_get; usage example 1: get_device(hif->dev) without visible put_device in same function; usage example 2: get_device(&rpmb->dev) in open function suggests need for put_device in close; usage example 3: get_device(&host->card->dev) followed by put_device(&host->card->dev) showing proper pairing,0.5019923150539398
e3862093ee93,A call to of_phy_find_device() followed by phy_device_remove().,The returned phy_device must be freed with phy_device_free() to balance the refcount.,Function that acquires a reference-counted device object,"When the device object is no longer needed, its reference count must be decremented by calling the appropriate release function",xe_pm_runtime_get_if_in_use,xe_pm_runtime_get_if_in_use() function that conditionally acquires a runtime PM reference on an xe_device,"When xe_pm_runtime_get_if_in_use() returns true, indicating a runtime PM reference was acquired, the caller must eventually call xe_pm_runtime_put() or equivalent to decrement the reference count",Function acquires runtime PM reference that must be balanced with corresponding release call,xe_pm_runtime.c:8: 'pm_runtime_get_noresume(xe->drm.dev);' - acquires reference without resume; xe_pm_runtime.c:11: 'return pm_runtime_get_if_in_use(xe->drm.dev) > 0;' - conditionally acquires reference; Usage Example 1: caller checks return value and takes additional reference if false; Usage Example 2: return value used as wakeref token indicating reference was taken,0.4728456735610962
e3862093ee93,A call to of_phy_find_device() followed by phy_device_remove().,The returned phy_device must be freed with phy_device_free() to balance the refcount.,Function that acquires a reference-counted device object,"When the device object is no longer needed, its reference count must be decremented by calling the appropriate release function",iio_device_get,iio_device_get() function that increments reference count for an IIO device,"When the IIO device object obtained from iio_device_get() is no longer needed, its reference count must be decremented by calling iio_device_put()","iio_device_get() increments the reference count of an IIO device object via get_device(), and the usage examples show that iio_device_put() is consistently called to decrement the reference count when the device is no longer needed",iio_device_get implementation calls get_device(&indio_dev->dev) which increments reference count; Usage Example 1: iio_device_put(indio_dev) called in error path after iio_device_get(); Usage Example 2: iio_device_put(indio_dev) called in error_iio_dev_put label after iio_device_get(); Usage Example 3: iio_device_put(c->indio_dev) called in error_no_mem label after iio_device_get(),0.463665246963501
e3862093ee93,A call to of_phy_find_device() followed by phy_device_remove().,The returned phy_device must be freed with phy_device_free() to balance the refcount.,Function that acquires a reference-counted device object,"When the device object is no longer needed, its reference count must be decremented by calling the appropriate release function",gpio_device_get,gpio_device_get function that acquires a reference to a GPIO device,"When the GPIO device object returned by gpio_device_get is no longer needed, its reference count must be decremented by calling gpio_device_put()",gpio_device_get increases device reference count and requires balanced release to prevent memory leaks,gpio_device.c:1: 'return to_gpio_device(get_device(&gdev->dev));' - increments reference count; usage example 1: gpio_device_find returns device with increased refcount to caller; usage example 3: linehandle_create stores device reference in lh->gdev for extended lifetime,0.4364945292472839
e3862093ee93,A call to of_phy_find_device() followed by phy_device_remove().,The returned phy_device must be freed with phy_device_free() to balance the refcount.,Function that acquires a reference-counted device object,"When the device object is no longer needed, its reference count must be decremented by calling the appropriate release function",dvb_device_get,dvb_device_get() function that increments the reference count of a dvb_device object,"When the dvb_device object returned by dvb_device_get() is no longer needed, its reference count must be decremented by calling dvb_device_put()","dvb_device_get() increments the reference count of a dvb_device object via kref_get(), requiring callers to balance this with dvb_device_put() when done",dvb_device.c:1: 'kref_get(&dvbdev->ref);' - increments reference count; usage example 1: dvb_device_open() calls dvb_device_get() and balances with dvb_device_put() on error path; usage example 2: dvb_register_device() calls dvb_device_get() to store reference in dvb_minors array,0.4182546138763428
e3862093ee93,A call to of_phy_find_device() followed by phy_device_remove().,The returned phy_device must be freed with phy_device_free() to balance the refcount.,Function that acquires a reference-counted device object,"When the device object is no longer needed, its reference count must be decremented by calling the appropriate release function",usb_get_urb,A call to usb_get_urb() that increments the reference count of a URB object,"When the URB object is no longer needed, its reference count must be decremented by calling usb_put_urb() or usb_free_urb() to balance the reference count","usb_get_urb increments the reference count of a URB object, and all usage examples show proper pairing with usb_put_urb to decrement the reference count",usb_get_urb.c:3: 'kref_get(&urb->kref)' - increments reference count; Usage Example 1: usb_get_urb(urb) followed by usb_free_urb(urb); Usage Example 2: usb_get_urb(urb) followed by usb_put_urb(urb); Usage Example 3: usb_get_urb(urb) followed by usb_put_urb(urb),0.4173157215118408
e3862093ee93,A call to of_phy_find_device() followed by phy_device_remove().,The returned phy_device must be freed with phy_device_free() to balance the refcount.,Function that acquires a reference-counted device object,"When the device object is no longer needed, its reference count must be decremented by calling the appropriate release function",drm_mode_object_get,A call to drm_mode_object_get() that increments the reference count of a DRM mode object,The acquired reference must be released by calling drm_mode_object_put() when the object is no longer needed to prevent memory leaks,"Function acquires reference on DRM mode objects via kref_get(), requiring corresponding release to prevent memory leaks","drm_mode_object_get:4: 'kref_get(&obj->refcount);' - increments reference count; usage example: drm_framebuffer_get() wraps this function, suggesting paired release pattern expected; usage example: drm_property_blob_get() returns object after acquiring reference, implying caller responsibility for release",0.4156450033187866
e3862093ee93,A call to of_phy_find_device() followed by phy_device_remove().,The returned phy_device must be freed with phy_device_free() to balance the refcount.,Function that acquires a reference-counted device object,"When the device object is no longer needed, its reference count must be decremented by calling the appropriate release function",driver_find_device,driver_find_device() function that searches for and returns a device with incremented reference count,"When the device returned by driver_find_device() is no longer needed, its reference count must be decremented by calling put_device()","driver_find_device() calls get_device() on the found device before returning it, incrementing its reference count. The caller must call put_device() to decrement the reference count when done.",driver_find_device source:20: 'get_device(dev);' - increments reference count on found device; Usage Example 1: device_release_driver(dev) is called but no put_device() - potential reference leak; Usage Example 2: board->dev = driver_find_device(...) stores device but no corresponding put_device() visible - potential reference leak; Usage Example 3: companion = driver_find_device(...) stores device but no corresponding put_device() visible - potential reference leak,0.4026684761047363
e3862093ee93,A call to of_phy_find_device() followed by phy_device_remove().,The returned phy_device must be freed with phy_device_free() to balance the refcount.,Function that acquires a reference-counted device object,"When the device object is no longer needed, its reference count must be decremented by calling the appropriate release function",drm_syncobj_get,drm_syncobj_get() function that acquires a reference to a DRM sync object,"When the sync object acquired by drm_syncobj_get() is no longer needed, its reference count must be decremented by calling drm_syncobj_put()","drm_syncobj_get() increments reference count via kref_get(), and usage examples show it's used to acquire references that must be balanced with drm_syncobj_put() calls","drm_syncobj.c:inline: 'kref_get(&obj->refcount)' - increments reference count; usage example 2: drm_syncobj_put(syncobj) called on error path to balance earlier drm_syncobj_get(); usage example 1: drm_syncobj_find() acquires reference that caller must release; usage example 3: drm_syncobj_get() called before storing in file descriptor, requiring eventual release",0.3995996713638305
e3862093ee93,A call to of_phy_find_device() followed by phy_device_remove().,The returned phy_device must be freed with phy_device_free() to balance the refcount.,Function that acquires a reference-counted device object,"When the device object is no longer needed, its reference count must be decremented by calling the appropriate release function",device_find_child,device_find_child function that returns a reference-counted device object,"When the returned device object is no longer needed, its reference count must be decremented by calling put_device() to balance the get_device() call made internally","Function calls get_device() internally, acquiring a reference that must be released",device_find_child.c:12: 'get_device(child);'; usage example 1: 'put_device(&nvdimm->dev);'; usage example 2: 'put_device(dev);',0.3987700939178467
e3862093ee93,A call to of_phy_find_device() followed by phy_device_remove().,The returned phy_device must be freed with phy_device_free() to balance the refcount.,Function that acquires a reference-counted device object,"When the device object is no longer needed, its reference count must be decremented by calling the appropriate release function",usb_core_usb_get_dev,A call to usb_get_dev() that increments the reference count of a USB device structure,The acquired USB device reference must be released with usb_put_dev() when no longer needed to properly decrement the reference count,Function increments USB device reference count and follows standard Linux kernel reference counting pattern requiring balanced put operations,documentation: 'increments the reference count of the usb device structure'; function name pattern: usb_get_dev suggests reference acquisition requiring usb_put_dev; kernel convention: get/put pairs are standard for reference counting,0.3923794031143188
e3862093ee93,A call to of_phy_find_device() followed by phy_device_remove().,The returned phy_device must be freed with phy_device_free() to balance the refcount.,Function that acquires a reference-counted device object,"When the device object is no longer needed, its reference count must be decremented by calling the appropriate release function",netdev_get_by_index,netdev_get_by_index function that acquires a reference to a network device,"When the returned net_device is no longer needed, its reference count must be decremented by calling netdev_put() with the same tracker",netdev_get_by_index acquires a reference to a network device that must be released with netdev_put() to prevent reference leaks,"Usage Example 1: netdev_put(dev, &ctx->dev_tracker) called on error path; Usage Example 2: netdev_put(dev, &req_info->dev_tracker) called on error path; Usage Example 3: netdev_put(dev, &dev_tracker) called after device use; Function calls dev_get_by_index() which typically increments device refcount",0.3774963021278381
e3862093ee93,A call to of_phy_find_device() followed by phy_device_remove().,The returned phy_device must be freed with phy_device_free() to balance the refcount.,Function that acquires a reference-counted device object,"When the device object is no longer needed, its reference count must be decremented by calling the appropriate release function",pci_get_device,pci_get_device() function that returns a PCI device object,"When the returned pci_dev pointer is no longer needed, its reference count must be decremented by calling pci_dev_put()",pci_get_device acquires a reference to a PCI device object that must be released with pci_dev_put() to prevent reference leaks,Usage Example 1: pci_dev_put(dma_dev) called in both success and error paths; Usage Example 2: pci_dev_put(pdev) called after each pci_get_device() use; Usage Example 3: pci_dev_put(alim7101_pmu) and pci_dev_put(ali1543_south) called for cleanup,0.376589298248291
e3862093ee93,A call to of_phy_find_device() followed by phy_device_remove().,The returned phy_device must be freed with phy_device_free() to balance the refcount.,Function that acquires a reference-counted device object,"When the device object is no longer needed, its reference count must be decremented by calling the appropriate release function",class_for_each_device,class_for_each_device function that iterates over devices in a class,"Each device object returned by class_dev_iter_next() must have its reference count decremented after the user callback returns, typically by calling put_device()","The function acquires device objects through class_dev_iter_next() which likely increments reference counts, but does not release them after calling the user callback","class_for_each_device:while ((dev = class_dev_iter_next(&iter))): gets device objects that may have incremented refcounts; class_for_each_device:error = fn(dev, data): calls user function but no device_put() or equivalent after",0.374855637550354
e3862093ee93,A call to of_phy_find_device() followed by phy_device_remove().,The returned phy_device must be freed with phy_device_free() to balance the refcount.,Function that acquires a reference-counted device object,"When the device object is no longer needed, its reference count must be decremented by calling the appropriate release function",pci_get_subsys,Function pci_get_subsys that searches for and returns a reference to a PCI device,"When the returned pci_dev pointer is no longer needed, its reference count must be decremented by calling pci_dev_put() to prevent memory leaks",pci_get_subsys acquires a reference to a PCI device object that must be released with pci_dev_put() when no longer needed,Usage Example 1: speedstep_detect_chipset() calls pci_dev_put(hostbridge) to release the reference; Usage Example 2: nforce2_fsb_read() missing pci_dev_put(nforce2_sub5) - potential reference leak; Usage Example 3: nforce2_detect_chipset() missing pci_dev_put(nforce2_dev) - potential reference leak,0.3736975789070129
e3862093ee93,A call to of_phy_find_device() followed by phy_device_remove().,The returned phy_device must be freed with phy_device_free() to balance the refcount.,Function that acquires a reference-counted device object,"When the device object is no longer needed, its reference count must be decremented by calling the appropriate release function",class_find_device,class_find_device() function that finds and returns a device with incremented reference count,"When the returned device object is no longer needed, its reference count must be decremented by calling put_device() to balance the get_device() call made internally","class_find_device() calls get_device() on the found device before returning it, incrementing its reference count. The caller must call put_device() to decrement the reference count when done.",class_find_device:14: 'get_device(dev);' - increments reference count on found device; usage example 1: shows proper put_device(dev) call in error path with comment '/* matches class_find_device() above */'; usage example 3: shows put_device(mgr_dev) call when __fpga_mgr_get fails; usage example 2: missing put_device() call - potential reference leak,0.3712582588195801
e3862093ee93,A call to of_phy_find_device() followed by phy_device_remove().,The returned phy_device must be freed with phy_device_free() to balance the refcount.,Function that acquires a reference-counted device object,"When the device object is no longer needed, its reference count must be decremented by calling the appropriate release function",bus_find_device,bus_find_device function that searches for and returns a device object,The returned device object has an incremented reference count and must be released with put_device() when no longer needed,"Function calls get_device() before returning found device, requiring caller to balance with put_device()",bus_find_device:get_device(dev); - increments reference count before return; Usage Example 1: put_device(dev); - properly releases reference; Usage Example 2: missing put_device() call - reference leak; Usage Example 3: put_device(dev); - properly releases reference,0.3695325255393982
e3862093ee93,A call to of_phy_find_device() followed by phy_device_remove().,The returned phy_device must be freed with phy_device_free() to balance the refcount.,Function that acquires a reference-counted device object,"When the device object is no longer needed, its reference count must be decremented by calling the appropriate release function",drm_dev_get,A call to drm_dev_get() that acquires a reference to a DRM device object,The acquired DRM device reference must be released by calling drm_dev_put() when the device object is no longer needed to prevent reference count leaks,"drm_dev_get() increments the reference count of a DRM device object, and the acquired reference must be properly released to prevent memory leaks",drm_dev_get.c:3: 'kref_get(&dev->ref)' - increments reference count; usage example 1: drm_client_init() calls drm_dev_get(dev) but no corresponding drm_dev_put() in success path; usage example 3: drm_minor_acquire() shows proper pairing - calls drm_dev_get() and drm_dev_put() in error case,0.3695172071456909
e3862093ee93,A call to of_phy_find_device() followed by phy_device_remove().,The returned phy_device must be freed with phy_device_free() to balance the refcount.,Function that acquires a reference-counted device object,"When the device object is no longer needed, its reference count must be decremented by calling the appropriate release function",ssam_device_get,A call to ssam_device_get() that increments the reference count of an SSAM device,The returned ssam_device must have its reference count decremented with ssam_device_put() or put_device() when no longer needed,"Function increments device reference count, requiring caller to balance with release",get_device(&sdev->dev) increments reference count; Linux device model requires balanced get/put operations,0.3675415515899658
e3862093ee93,A call to of_phy_find_device() followed by phy_device_remove().,The returned phy_device must be freed with phy_device_free() to balance the refcount.,Function that acquires a reference-counted device object,"When the device object is no longer needed, its reference count must be decremented by calling the appropriate release function",usb_core_usb_get_intf,A call to usb_get_intf() that increments the reference count of a USB interface structure,The USB interface reference must be decremented with usb_put_intf() when the interface is no longer needed to balance the reference count,"Function increments reference count of USB interface structure, requiring balanced decrement when no longer needed",documentation: 'increments the reference count of the usb interface structure'; function name pattern: usb_get_intf follows reference counting convention,0.3650051355361938
e3862093ee93,A call to of_phy_find_device() followed by phy_device_remove().,The returned phy_device must be freed with phy_device_free() to balance the refcount.,Function that acquires a reference-counted device object,"When the device object is no longer needed, its reference count must be decremented by calling the appropriate release function",class_find_device_by_name,class_find_device_by_name function that returns a reference-counted device object,"When the returned device object is no longer needed, its reference count must be decremented by calling put_device()",Function returns a reference-counted device object that must be released with put_device() to prevent memory leaks and use-after-free issues,Usage Example 1: put_device(dev); /* matches class_find_device() above */; Usage Example 2: put_device(dev);; Usage Example 3: put_device(dev);,0.3639881610870361
e3862093ee93,A call to of_phy_find_device() followed by phy_device_remove().,The returned phy_device must be freed with phy_device_free() to balance the refcount.,Function that acquires a reference-counted device object,"When the device object is no longer needed, its reference count must be decremented by calling the appropriate release function",kobject_get,kobject_get function that increments the reference count of a kobject,"When the kobject returned by kobject_get is no longer needed, its reference count must be decremented by calling kobject_put","kobject_get increments reference count on kobject structures, and the usage examples consistently show paired kobject_put calls to decrement the reference count when objects are no longer needed",kobject_get implementation: kref_get(&kobj->kref) - increments reference count; Usage Example 1: kobject_get(&dump->kobj) followed by kobject_put(&dump->kobj) calls; Usage Example 2: kobject_get(&elog->kobj) followed by kobject_put(&elog->kobj) calls; Usage Example 3: kobject_get(group->devices_kobj) - caller must balance with kobject_put,0.3624029159545898
e3862093ee93,A call to of_phy_find_device() followed by phy_device_remove().,The returned phy_device must be freed with phy_device_free() to balance the refcount.,Function that acquires a reference-counted device object,"When the device object is no longer needed, its reference count must be decremented by calling the appropriate release function",class_find_device_by_fwnode,class_find_device_by_fwnode function that finds and returns a device object,"When the returned device object is no longer needed, its reference count must be decremented by calling put_device()",Function returns a device object with incremented reference count that must be released,"class_find_device_by_fwnode calls class_find_device() which acquires device reference; Usage Example 1: dev = class_find_device_by_fwnode(&role_class, fwnode); - no put_device() call; Usage Example 2: dev = class_find_device_by_fwnode(&role_class, parent); - no put_device() call",0.3618519306182861
e3862093ee93,A call to of_phy_find_device() followed by phy_device_remove().,The returned phy_device must be freed with phy_device_free() to balance the refcount.,Function that acquires a reference-counted device object,"When the device object is no longer needed, its reference count must be decremented by calling the appropriate release function",driver_find_device_by_name,driver_find_device_by_name() function that finds and returns a device object,The returned device object has an incremented reference count and must be released with put_device() when no longer needed,Function acquires a device object with incremented reference count that must be properly released,driver_find_device_by_name calls driver_find_device() which increments device refcount; usage example: get_ccwdev_by_busid() calls driver_find_device_by_name() but shows no corresponding put_device(),0.3602733612060547
e3862093ee93,A call to of_phy_find_device() followed by phy_device_remove().,The returned phy_device must be freed with phy_device_free() to balance the refcount.,Function that acquires a reference-counted device object,"When the device object is no longer needed, its reference count must be decremented by calling the appropriate release function",fwnode_phy_find_device,fwnode_phy_find_device function that returns a phy_device pointer,"When fwnode_phy_find_device returns a non-NULL phy_device pointer, the caller must call phy_device_free() on the returned device to release the reference count",Function acquires and returns a reference-counted phy_device object that requires explicit release by caller,fwnode_phy_find_device:4: 'mdiodev = fwnode_mdio_find_device(phy_fwnode)' - acquires reference; fwnode_phy_find_device:8: 'return to_phy_device(&mdiodev->dev)' - returns with reference held; usage example: 'phy_dev = fwnode_phy_find_device(phy_fwnode); ... phy_device_free(phy_dev);' - shows required cleanup,0.3594357967376709
e3862093ee93,A call to of_phy_find_device() followed by phy_device_remove().,The returned phy_device must be freed with phy_device_free() to balance the refcount.,Function that acquires a reference-counted device object,"When the device object is no longer needed, its reference count must be decremented by calling the appropriate release function",pci_get_base_class,pci_get_base_class() function that returns PCI device objects,"When the returned pci_dev pointer is no longer needed, its reference count must be decremented by calling pci_dev_put()",Function acquires reference-counted PCI device objects that must be released to prevent memory leaks,Usage Example 2: shows correct usage with pci_dev_put(pdev); Usage Examples 1&3: missing pci_dev_put() calls suggest reference leaks; Function calls pci_get_dev_by_id() which follows PCI reference counting convention,0.3592371940612793
e3862093ee93,A call to of_phy_find_device() followed by phy_device_remove().,The returned phy_device must be freed with phy_device_free() to balance the refcount.,Function that acquires a reference-counted device object,"When the device object is no longer needed, its reference count must be decremented by calling the appropriate release function",bus_find_device_by_name,Function bus_find_device_by_name that searches for and returns a device object by name,"When the returned device object is no longer needed, its reference count must be decremented by calling put_device() to prevent reference leaks",bus_find_device_by_name acquires a reference to the device object that must be released with put_device(),Usage Example 3 shows correct pattern with put_device(dev) call; Usage Examples 1 & 2 show potential reference leaks - no put_device() calls; Function wraps bus_find_device() which follows standard kernel pattern of returning referenced objects,0.3591344356536865
e3862093ee93,A call to of_phy_find_device() followed by phy_device_remove().,The returned phy_device must be freed with phy_device_free() to balance the refcount.,Function that acquires a reference-counted device object,"When the device object is no longer needed, its reference count must be decremented by calling the appropriate release function",device_find_child_by_name,device_find_child_by_name function that searches for a child device by name,"When device_find_child_by_name returns a non-NULL device pointer, the caller must call put_device() on the returned device to decrement its reference count when no longer needed","device_find_child_by_name wraps device_find_child which acquires a reference to the returned device object, requiring put_device() to balance the refcount",Usage Example 1: put_device(&ndns->dev); /* from device_find_child */; Usage Example 2: put_device(victim);; Usage Example 3: put_device(csi_dev);,0.3583204746246338
e3862093ee93,A call to of_phy_find_device() followed by phy_device_remove().,The returned phy_device must be freed with phy_device_free() to balance the refcount.,Function that acquires a reference-counted device object,"When the device object is no longer needed, its reference count must be decremented by calling the appropriate release function",backlight_device_get_by_name,backlight_device_get_by_name() function that returns a backlight device by name lookup,"When the returned backlight_device is no longer needed, its reference count must be decremented by calling put_device(&backlight_dev->dev)",Function calls class_find_device_by_name() which acquires a device reference that must be released,"backlight.c:1: 'dev = class_find_device_by_name(&backlight_class, name);' - acquires device reference; usage example 1: 'put_device(&kbd->backlight_dev->dev);' - caller releases reference; usage example 2: 'put_device(&bd->dev);' - caller releases reference",0.3571330308914184
e3862093ee93,A call to of_phy_find_device() followed by phy_device_remove().,The returned phy_device must be freed with phy_device_free() to balance the refcount.,Function that acquires a reference-counted device object,"When the device object is no longer needed, its reference count must be decremented by calling the appropriate release function",xe_pm_runtime_get,xe_pm_runtime_get function that acquires runtime PM reference on xe_device,Every call to xe_pm_runtime_get() must be paired with a corresponding xe_pm_runtime_put() call to properly balance the runtime PM reference count,Function acquires runtime PM reference via pm_runtime_get_noresume() that must be balanced with xe_pm_runtime_put(),xe_pm_runtime_get.c:4: 'pm_runtime_get_noresume(xe->drm.dev);'; usage example 1: xe_pm_runtime_get(xe); ggtt_node_remove(node); xe_pm_runtime_put(xe);; usage example 2: xe_pm_runtime_get(xe); ... xe_pm_runtime_put(xe);; usage example 3: xe_pm_runtime_get(xe); ... xe_pm_runtime_put(xe);,0.3565037250518799
e3862093ee93,A call to of_phy_find_device() followed by phy_device_remove().,The returned phy_device must be freed with phy_device_free() to balance the refcount.,Function that acquires a reference-counted device object,"When the device object is no longer needed, its reference count must be decremented by calling the appropriate release function",netdev_get_by_name,netdev_get_by_name function that acquires a reference to a network device,"When the returned net_device is no longer needed, its reference count must be decremented by calling netdev_put() with the same tracker",Function acquires a reference to a network device that must be released with netdev_put(),"netdev_get_by_name calls dev_get_by_name() which increments device refcount; usage example shows netdev_put(dev, &req_info->dev_tracker) to release the reference; netdev_tracker parameter indicates reference tracking system",0.3559166193008423
f89672cc3681,A call to copy_from_user with a user-provided count parameter.,The count parameter must be checked to be greater than 0 and less than or equal to the size of the destination buffer.,function that copies user-provided data with a size parameter,The size parameter must be validated to be within valid bounds (greater than 0 and less than or equal to the destination buffer size) before performing the copy operation.,memdup_array_user,memdup_array_user function that duplicates arrays from user space with count and element size parameters,The count parameter (n) must be validated to be greater than 0 and the total allocation size (n * size) must not exceed reasonable memory limits or cause integer overflow before performing the copy operation,memdup_array_user copies user-provided data with size parameters (n * size) and needs validation to prevent integer overflow and excessive memory allocation,Usage Example 1: hdr.count used as n parameter after validation 'if (!hdr.count || (hdr.start + hdr.count > feature->nr_irqs))'; Usage Example 2: fixed value 256 used as n parameter for gamma table; Usage Example 3: ct parameter used as n after validation 'if (ct >= MAX_DIACR) return -EINVAL;',0.5662200450897217
f89672cc3681,A call to copy_from_user with a user-provided count parameter.,The count parameter must be checked to be greater than 0 and less than or equal to the size of the destination buffer.,function that copies user-provided data with a size parameter,The size parameter must be validated to be within valid bounds (greater than 0 and less than or equal to the destination buffer size) before performing the copy operation.,vmemdup_array_user,vmemdup_array_user function that duplicates arrays from user space with count and element size parameters,The count parameter (n) must be validated to be greater than 0 and the multiplication (n * size) must be checked for integer overflow and against reasonable memory allocation limits before performing the copy operation,vmemdup_array_user copies user-provided data with size parameters (n * size) and needs validation to prevent integer overflow and excessive memory allocation,"Usage Example 1: vmemdup_array_user(list, ct, sizeof(*unilist)) - ct comes from user ioctl parameter; Usage Example 2: vmemdup_array_user(entries, cpuid->nent, sizeof(*e)) - cpuid->nent validated against KVM_MAX_CPUID_ENTRIES before call; Usage Example 3: vmemdup_array_user(entries, cpuid->nent, sizeof(*e2)) - cpuid->nent validated against KVM_MAX_CPUID_ENTRIES before call",0.5375312566757202
f89672cc3681,A call to copy_from_user with a user-provided count parameter.,The count parameter must be checked to be greater than 0 and less than or equal to the size of the destination buffer.,function that copies user-provided data with a size parameter,The size parameter must be validated to be within valid bounds (greater than 0 and less than or equal to the destination buffer size) before performing the copy operation.,memdup_user,memdup_user function that duplicates user-provided memory with a length parameter,"The len parameter must be validated to be greater than 0 and less than or equal to a reasonable maximum allocation size (e.g., KMALLOC_MAX_SIZE) before performing memory allocation and copy operations",memdup_user copies user-provided data with a size parameter but lacks validation to prevent excessive memory allocation and potential DoS attacks,"memdup_user.c:5: 'p = kmem_buckets_alloc_track_caller(user_buckets, len, GFP_USER | __GFP_NOWARN);' - allocates len bytes without bounds checking; memdup_user.c:10: 'if (copy_from_user(p, src, len))' - copies len bytes without validating size; usage example 1: caller validates 'idata->buf_bytes > MMC_IOC_MAX_BYTES' before calling memdup_user, showing need for bounds checking; usage example 2: caller validates '_IOC_SIZE(cmd)' before calling memdup_user, indicating size validation is expected",0.4917661547660827
f89672cc3681,A call to copy_from_user with a user-provided count parameter.,The count parameter must be checked to be greater than 0 and less than or equal to the size of the destination buffer.,function that copies user-provided data with a size parameter,The size parameter must be validated to be within valid bounds (greater than 0 and less than or equal to the destination buffer size) before performing the copy operation.,strndup_user,strndup_user function that duplicates user-provided strings with a maximum length parameter,The length parameter 'n' must be validated to be greater than 0 and the actual string length must not exceed 'n' before performing the memory allocation and copy operation,strndup_user copies user-provided data with a size parameter 'n' that needs validation to prevent buffer overflows and invalid allocations,"strndup_user.c:8-9: 'if (length > n) return ERR_PTR(-EINVAL);' - validates size against user limit; strndup_user.c:5: 'length = strnlen_user(s, n);' - uses size parameter to limit string length calculation; strndup_user.c:11: 'p = memdup_user(s, length);' - performs actual copy with validated length; usage example 1: 'strndup_user(..., PANFROST_BO_LABEL_MAXLEN)' - caller provides maximum size limit; usage example 3: 'strndup_user(ubuf, PAGE_SIZE)' - caller provides buffer size limit",0.4499831795692444
f89672cc3681,A call to copy_from_user with a user-provided count parameter.,The count parameter must be checked to be greater than 0 and less than or equal to the size of the destination buffer.,function that copies user-provided data with a size parameter,The size parameter must be validated to be within valid bounds (greater than 0 and less than or equal to the destination buffer size) before performing the copy operation.,simple_write_to_buffer,simple_write_to_buffer function that copies user data to a buffer with position and count parameters,The count parameter must be validated to be non-zero and the effective write size (count adjusted for position) must not exceed the available buffer space (available - pos) before performing the copy_from_user operation,Function copies user data with size parameter and performs comprehensive bounds validation,"simple_write_to_buffer:6-7: 'if (pos >= available || !count) return 0;' - validates position within bounds and non-zero count; simple_write_to_buffer:8-9: 'if (count > available - pos) count = available - pos;' - clamps count to prevent buffer overflow; simple_write_to_buffer:10: 'res = copy_from_user(to + pos, from, count);' - performs the actual copy with validated parameters; Usage Example 2:12-13: 'if (size >= sizeof(buf)) return -EINVAL;' - caller validates size before calling function",0.4490442276000976
f89672cc3681,A call to copy_from_user with a user-provided count parameter.,The count parameter must be checked to be greater than 0 and less than or equal to the size of the destination buffer.,function that copies user-provided data with a size parameter,The size parameter must be validated to be within valid bounds (greater than 0 and less than or equal to the destination buffer size) before performing the copy operation.,memdup_user_nul,memdup_user_nul function that copies user data with size parameter len,The len parameter must be validated to be within reasonable bounds (greater than or equal to 0 and less than a maximum safe allocation size) before performing allocation and copy operations to prevent integer overflow and excessive memory allocation,"Function allocates len+1 bytes and accesses p[len] without validating len parameter, creating risks of integer overflow and excessive allocation","memdup_user_nul:5: 'p = kmem_buckets_alloc_track_caller(user_buckets, len + 1, GFP_USER | __GFP_NOWARN);' - allocates len+1 without bounds check; memdup_user_nul:12: 'p[len] = '\0';' - accesses array at index len without validation; usage example 2: copyin_string validates len before calling, showing need for bounds checking",0.4396446943283081
f89672cc3681,A call to copy_from_user with a user-provided count parameter.,The count parameter must be checked to be greater than 0 and less than or equal to the size of the destination buffer.,function that copies user-provided data with a size parameter,The size parameter must be validated to be within valid bounds (greater than 0 and less than or equal to the destination buffer size) before performing the copy operation.,copy_to_user_fromio,copy_to_user_fromio function that copies data from MMIO space to user space with a count parameter,The count parameter must be validated to be greater than 0 and within reasonable bounds relative to the source MMIO region size and destination user buffer capacity before performing the copy operation,"Function copies user-provided data with size parameter but lacks explicit bounds validation, relying on internal mechanisms that may not prevent all buffer overflow scenarios","copy_to_user_fromio.c:5: 'if (import_ubuf(ITER_DEST, dst, count, &iter))' - only validates user buffer access, not size bounds; copy_to_user_fromio.c:7: 'if (copy_to_iter_fromio((const void __iomem *)src, count, &iter) != count)' - performs copy without explicit size validation; usage example: snd_cs4281_BA0_read calls with user-controlled count parameter without prior bounds checking",0.4237922430038452
f89672cc3681,A call to copy_from_user with a user-provided count parameter.,The count parameter must be checked to be greater than 0 and less than or equal to the size of the destination buffer.,function that copies user-provided data with a size parameter,The size parameter must be validated to be within valid bounds (greater than 0 and less than or equal to the destination buffer size) before performing the copy operation.,folio_fill_tail,folio_fill_tail function that copies data from a source buffer to a folio with user-controlled length parameter,"The len parameter must be validated to be greater than 0 and the sum of offset + len must be less than or equal to folio_size(folio) with proper error handling, not just debug assertions",Function copies user-provided data with size parameter but lacks proper bounds validation,"folio_fill_tail.c:6: 'VM_BUG_ON(offset + len > folio_size(folio));' - only debug assertion, not runtime validation; usage example 1: 'folio_fill_tail(folio, 0, from, dsize);' - dsize from i_size_read could be arbitrary; usage example 2: 'folio_fill_tail(folio, 0, data, rsize);' - rsize from le32_to_cpu could be malicious; usage example 3: 'folio_fill_tail(folio, 0, resident_data(attr) + vbo, len);' - len calculated but not validated against folio bounds",0.398551344871521
f89672cc3681,A call to copy_from_user with a user-provided count parameter.,The count parameter must be checked to be greater than 0 and less than or equal to the size of the destination buffer.,function that copies user-provided data with a size parameter,The size parameter must be validated to be within valid bounds (greater than 0 and less than or equal to the destination buffer size) before performing the copy operation.,devcd_read_from_sgtable,devcd_read_from_sgtable function that copies data from scatter-gather table to user buffer with size parameter buf_len,The buf_len parameter must be validated to be greater than 0 and less than or equal to the destination buffer size before calling sg_pcopy_to_buffer to prevent buffer overflow in the destination buffer,Function copies data with user-provided size parameter (buf_len) that needs validation to prevent buffer overflows,"devcd.c:7-8: 'if (offset + buf_len > data_len) buf_len = data_len - offset;' - validates upper bound against source data; devcd.c:9-10: 'return sg_pcopy_to_buffer(table, sg_nents(table), buffer, buf_len, offset);' - copies buf_len bytes to destination buffer without validating buffer capacity",0.3954390287399292
f89672cc3681,A call to copy_from_user with a user-provided count parameter.,The count parameter must be checked to be greater than 0 and less than or equal to the size of the destination buffer.,function that copies user-provided data with a size parameter,The size parameter must be validated to be within valid bounds (greater than 0 and less than or equal to the destination buffer size) before performing the copy operation.,append_oa_sample,append_oa_sample function that copies OA report data to userspace buffer with count parameter,The count parameter must be validated to ensure sufficient space remains in the destination buffer (count - *offset >= header.size) before performing copy operations to prevent buffer overflows,Function copies user-provided data with size parameter that needs validation to prevent buffer overflows,"append_oa_sample:13: 'if ((count - *offset) < header.size) return -ENOSPC;'; append_oa_sample:18-19: 'if (copy_to_user(buf, &header, sizeof(header))) return -EFAULT;'; append_oa_sample:25-26: 'if (copy_to_user(buf, report, report_size_partial)) return -EFAULT;'; append_oa_sample:29-31: 'if (copy_to_user(buf, stream->oa_buffer.vaddr, report_size - report_size_partial)) return -EFAULT;'",0.3777234554290771
f89672cc3681,A call to copy_from_user with a user-provided count parameter.,The count parameter must be checked for being less than 1 or greater than the buffer size before being used.,function that copies data from user space with a size parameter,The size parameter must be validated to ensure it is within the bounds of the destination buffer and greater than 0 before being used for the copy operation.,memdup_array_user,memdup_array_user function that copies an array from user space using count (n) and element size parameters,The count parameter (n) must be validated to ensure n > 0 and that n * size does not cause integer overflow or exceed reasonable memory allocation limits before performing the copy operation,memdup_array_user copies data from user space with size parameters (n * size) that need validation to prevent integer overflow and excessive memory allocation,"Usage Example 1: viafb_gamma_table = memdup_array_user(argp, 256, sizeof(u32)); - copies 256 * sizeof(u32) bytes from user space; Usage Example 2: dia = memdup_array_user(a->kbdiacr, ct, sizeof(struct kbdiacr)); - ct comes from user via get_user(ct, &a->kb_cnt) and is validated with 'if (ct >= MAX_DIACR) return -EINVAL;'; Usage Example 3: fds = memdup_array_user((void __user *)(arg + sizeof(hdr)), hdr.count, sizeof(s32)); - hdr.count comes from user and is validated with bounds checks",0.626842737197876
f89672cc3681,A call to copy_from_user with a user-provided count parameter.,The count parameter must be checked for being less than 1 or greater than the buffer size before being used.,function that copies data from user space with a size parameter,The size parameter must be validated to ensure it is within the bounds of the destination buffer and greater than 0 before being used for the copy operation.,vmemdup_array_user,vmemdup_array_user function that allocates and copies an array from user space,"The n parameter (array count) and size parameter (element size) must be validated to ensure n > 0, size > 0, and n * size does not overflow and is within reasonable memory allocation limits before performing the copy operation",vmemdup_array_user copies data from user space with size parameters (n * size) that need validation to prevent integer overflow and excessive memory allocation,"Usage Example 1: vmemdup_array_user(entries, cpuid->nent, sizeof(*e)) - cpuid->nent is user-controlled and checked against KVM_MAX_CPUID_ENTRIES before call; Usage Example 2: vmemdup_array_user(entries, cpuid->nent, sizeof(*e2)) - similar pattern with bounds checking; Usage Example 3: vmemdup_array_user(list, ct, sizeof(*unilist)) - ct parameter used directly without visible bounds checking",0.6048786044120789
f89672cc3681,A call to copy_from_user with a user-provided count parameter.,The count parameter must be checked for being less than 1 or greater than the buffer size before being used.,function that copies data from user space with a size parameter,The size parameter must be validated to ensure it is within the bounds of the destination buffer and greater than 0 before being used for the copy operation.,copy_to_user_fromio,copy_to_user_fromio function that copies data from memory-mapped I/O space to user space,The count parameter must be validated to ensure it is greater than 0 and within reasonable bounds before being used for the copy operation to prevent buffer overflows and invalid memory access,Function copies data from kernel memory-mapped I/O space to user space with user-controlled size parameter that lacks validation,"copy_to_user_fromio:3: 'if (import_ubuf(ITER_DEST, dst, count, &iter))' - count parameter passed directly without validation; copy_to_user_fromio:5: 'if (copy_to_iter_fromio((const void __iomem *)src, count, &iter) != count)' - count used for copy operation without bounds checking; usage example: snd_cs4281_BA0_read passes user-provided 'count' directly without validation; usage example: all usage examples show count parameter coming from user space without prior validation",0.5203420519828796
f89672cc3681,A call to copy_from_user with a user-provided count parameter.,The count parameter must be checked for being less than 1 or greater than the buffer size before being used.,function that copies data from user space with a size parameter,The size parameter must be validated to ensure it is within the bounds of the destination buffer and greater than 0 before being used for the copy operation.,memdup_user_nul,memdup_user_nul function that copies data from user space with a len parameter,"The len parameter must be validated to ensure it is greater than 0 and does not cause integer overflow when adding 1 for null termination, and the resulting allocation size must be within reasonable bounds before being used for memory allocation and copy operations","memdup_user_nul copies data from user space with a size parameter that lacks proper validation, creating potential security vulnerabilities","memdup_user_nul:3-4: 'p = kmem_buckets_alloc_track_caller(user_buckets, len + 1, GFP_USER | __GFP_NOWARN);' - allocates len+1 bytes without validating len bounds; memdup_user_nul:8: 'if (copy_from_user(p, src, len))' - copies len bytes without size validation; Usage Example 3:11: 'if (len > DRM_CLIENT_NAME_MAX_LEN)' - shows callers need to validate size before calling memdup_user_nul; memdup_user_nul:11: 'p[len] = '\0';' - accesses p[len] without ensuring len is valid",0.5194701850414276
f89672cc3681,A call to copy_from_user with a user-provided count parameter.,The count parameter must be checked for being less than 1 or greater than the buffer size before being used.,function that copies data from user space with a size parameter,The size parameter must be validated to ensure it is within the bounds of the destination buffer and greater than 0 before being used for the copy operation.,copy_from_user_toio,copy_from_user_toio function that copies data from user space to MMIO space with a count parameter,The count parameter must be validated to ensure it is greater than 0 and does not exceed the size of the destination MMIO buffer before performing the copy operation,"Function copies user data to MMIO space with unchecked size parameter, creating potential for buffer overflows and invalid memory access","copy_from_user_toio.c:6: 'if (copy_from_iter_toio((void __iomem *)dst, count, &iter) != count)' - count parameter used directly without bounds validation; copy_from_user_toio.c:3: 'if (import_ubuf(ITER_SOURCE, (void __user *)src, count, &iter))' - count used to set up iterator without validation; Function signature shows no dst_size parameter to validate against, indicating caller responsibility for bounds checking",0.497730016708374
f89672cc3681,A call to copy_from_user with a user-provided count parameter.,The count parameter must be checked for being less than 1 or greater than the buffer size before being used.,function that copies data from user space with a size parameter,The size parameter must be validated to ensure it is within the bounds of the destination buffer and greater than 0 before being used for the copy operation.,strndup_user,strndup_user function that copies a string from user space with a maximum length parameter,The length parameter n must be validated to ensure it is greater than 0 and the actual string length does not exceed n before performing the copy operation,strndup_user copies data from user space with size parameter n that needs validation to prevent buffer overflows and invalid operations,strndup_user.c:8-9: 'if (length > n) return ERR_PTR(-EINVAL);' - validates size against maximum; strndup_user.c:5-6: 'if (!length) return ERR_PTR(-EFAULT);' - validates size is greater than 0; usage example 1: 'PANFROST_BO_LABEL_MAXLEN' - callers pass maximum buffer size limits; usage example 2: 'PANTHOR_BO_LABEL_MAXLEN' - callers pass maximum buffer size limits; usage example 3: 'PAGE_SIZE' - caller passes maximum buffer size limit,0.4940429925918579
f89672cc3681,A call to copy_from_user with a user-provided count parameter.,The count parameter must be checked for being less than 1 or greater than the buffer size before being used.,function that copies data from user space with a size parameter,The size parameter must be validated to ensure it is within the bounds of the destination buffer and greater than 0 before being used for the copy operation.,sg_pcopy_to_buffer,sg_pcopy_to_buffer function that copies data from scatterlist to a linear buffer,The buflen parameter must be validated to ensure it is greater than 0 and does not exceed the actual size of the destination buffer 'buf' before performing the copy operation,sg_pcopy_to_buffer copies data to a user-provided buffer with a size parameter (buflen) that needs validation to prevent buffer overflows,"lib/scatterlist.c:1: function signature shows 'void *buf, size_t buflen' - buflen controls copy size to destination buffer; Usage Example 1: sg_pcopy_to_buffer(sg, nr_sg, cksum2, krb5->cksum_len, offset) - buflen=krb5->cksum_len used without validation; Usage Example 2: sg_pcopy_to_buffer(..., buf + header_size, new_header_size - header_size, ...) - buflen calculated but not validated against actual buffer capacity; Usage Example 3: devcd_read_from_sgtable validates buf_len against data_len but not against buffer capacity",0.4569519758224487
f89672cc3681,A call to copy_from_user with a user-provided count parameter.,The count parameter must be checked for being less than 1 or greater than the buffer size before being used.,function that copies data from user space with a size parameter,The size parameter must be validated to ensure it is within the bounds of the destination buffer and greater than 0 before being used for the copy operation.,append_oa_sample,append_oa_sample function that copies OA report data to user space buffer with count and offset parameters,"The count parameter must be validated to ensure sufficient remaining buffer space (count - *offset >= header.size) before performing copy_to_user operations, and all copy sizes must be within bounds of both source and destination buffers",Function copies data to user space with size parameters that need validation to prevent buffer overflows and ensure safe memory operations,"append_oa_sample:13: 'if ((count - *offset) < header.size) return -ENOSPC;' - validates remaining buffer space; append_oa_sample:17-18: 'if (copy_to_user(buf, &header, sizeof(header))) return -EFAULT;' - copies header to user space; append_oa_sample:25-27: 'if (copy_to_user(buf, report, report_size_partial)) return -EFAULT;' - copies partial report data; append_oa_sample:30-32: 'if (copy_to_user(buf, stream->oa_buffer.vaddr, report_size - report_size_partial)) return -EFAULT;' - copies remaining report data; append_oa_sample:33-34: '} else if (copy_to_user(buf, report, report_size)) { return -EFAULT; }' - copies full report data",0.4280393123626709
f89672cc3681,A call to copy_from_user with a user-provided count parameter.,The count parameter must be checked for being less than 1 or greater than the buffer size before being used.,function that copies data from user space with a size parameter,The size parameter must be validated to ensure it is within the bounds of the destination buffer and greater than 0 before being used for the copy operation.,video_usercopy,video_usercopy function that copies data from/to userspace with size parameters derived from ioctl commands,"The ioc_size parameter extracted from _IOC_SIZE(cmd) must be validated to ensure it is greater than 0 and within reasonable bounds before buffer allocation, and array_size must be validated against the allocated array_buf size before copy_from_user/copy_to_user operations",The function copies data from userspace with size parameters that need validation to prevent buffer overflows and invalid operations,"video_usercopy:17: 'const size_t ioc_size = _IOC_SIZE(cmd);' - size extracted from ioctl command without validation; video_usercopy:20-27: allocates buffer based on ioc_size without bounds checking; video_usercopy:45: 'copy_from_user(array_buf, user_ptr, array_size)' - copies array_size bytes without validating against buffer bounds; video_usercopy:82: 'copy_to_user(user_ptr, array_buf, array_size)' - copies back without size validation",0.3943163752555847
f89672cc3681,A call to copy_from_user with a user-provided count parameter.,The count parameter must be checked for being less than 1 or greater than the buffer size before being used.,function that copies data from user space with a size parameter,The size parameter must be validated to ensure it is within the bounds of the destination buffer and greater than 0 before being used for the copy operation.,dvb_ringbuffer_write_user,dvb_ringbuffer_write_user function that copies data from user space to a ring buffer,The len parameter must be validated to ensure it is greater than 0 and does not exceed the available space in the ring buffer (dvb_ringbuffer_free(rbuf)) before performing copy_from_user operations,"Function copies data from user space using copy_from_user with user-provided size parameter 'len', but lacks validation to ensure 'len' is within destination buffer bounds and greater than 0",dvb_ringbuffer.c:split calculation assumes len is valid without bounds checking; dvb_ringbuffer.c:copy_from_user calls use 'split' and 'todo' derived from unvalidated 'len'; usage example: ts_write() passes user 'count' directly to dvb_ringbuffer_write_user without validation,0.3648968338966369
f89672cc3681,A call to copy_from_user with a user-provided count parameter.,The count parameter must be checked for being less than 1 or greater than the buffer size before being used.,function that copies data from user space with a size parameter,The size parameter must be validated to ensure it is within the bounds of the destination buffer and greater than 0 before being used for the copy operation.,copy_remote_vm_str,copy_remote_vm_str function that copies strings from another process's address space,The len parameter must be validated to ensure it is greater than 0 and within the bounds of the destination buffer before being passed to __copy_remote_vm_str,Function copies data from user space with size parameter that needs validation to prevent buffer overflows,copy_remote_vm_str: only checks len == 0 but not upper bounds; Usage Example 1: caller passes size directly without bounds checking; Usage Example 2: caller passes dst__sz directly without bounds checking; __copy_remote_vm_str call: len parameter passed unchecked to internal copy function,0.3521028757095337
42378a9ca553,A call to krealloc_array for memory reallocation.,The original allocation must be freed with kfree if krealloc_array fails.,function that reallocates memory,"If the reallocation fails, the original allocation must be freed before returning.",krealloc,A call to krealloc that returns NULL (indicating allocation failure),"The original allocation passed to krealloc must be freed with kfree before returning, if krealloc returns NULL","The analysis reveals that `krealloc` does not internally handle failure cases where it returns NULL. In all usage examples, when `krealloc` fails (returns NULL), the code immediately returns -ENOMEM without freeing the original allocation. This leaves the original memory unreleased, creating a memory leak. Callers must explicitly free the original allocation with `kfree` when `krealloc` returns NULL to prevent this resource leak.","Example 1 (load_timings_from_dt.c:90): `krealloc(tegra->timings, size, GFP_KERNEL)` fails to free original `tegra->timings` when NULL is returned, directly causing a memory leak.; Example 2 (regmap_register_patch.c:1234): Similar pattern where `krealloc(map->patch, ...)` failure doesn't free `map->patch` before returning -ENOMEM.; Example 3 (gpi_peripheral_config.c:567): `krealloc(gchan->config, ...)` failure results in no kfree call for the original pointer before returning -ENOMEM.",0.4475796818733215
42378a9ca553,A call to krealloc_array for memory reallocation.,The original allocation must be freed with kfree if krealloc_array fails.,function that reallocates memory,"If the reallocation fails, the original allocation must be freed before returning.",kvrealloc,"A call to kvrealloc that returns NULL, indicating reallocation failure","The original allocation (the first parameter to kvrealloc) must be freed before returning or taking error recovery actions, to prevent memory leaks.","The usage examples consistently show a pattern where callers check if kvrealloc returns NULL, return -ENOMEM, but do not free the original allocation. Since no source code for kvrealloc is available and the usage pattern suggests the original allocation is NOT automatically freed on failure, callers must follow the constraint to prevent memory leaks.","drm_exec_obj_locked:tmp = kvrealloc(exec->objects, size + PAGE_SIZE, GFP_KERNEL); if (!tmp) return -ENOMEM; - original exec->objects not freed on failure; papl_rtas_blob_extend:new_ptr = kvrealloc(old_ptr, new_len, GFP_KERNEL_ACCOUNT); if (!new_ptr) return -ENOMEM; - original old_ptr not freed on failure; module_frob_arch_sections:scratch = kvrealloc(scratch, scratch_size, GFP_KERNEL); if (!scratch) return -ENOMEM; - original scratch not freed on failure",0.4326124787330627
