seed patch,detected target,buggy function,spec_target,spec_predicate,has_violation,confidence,analysis
07161b2416f7,usbnet_get_endpoints,ax88172_bind,A call to function usbnet_get_endpoints,The return value must be checked for error before proceeding.,True,HIGH,"1. Decision: YES

2. Detailed reasoning:
The code violates the security rule because `usbnet_get_endpoints(dev, intf)` is called at the beginning of the function without checking its return value for errors before proceeding. 

Looking at the code structure:
- `usbnet_get_endpoints(dev, intf)` is called on line 8
- The function immediately continues to the next operations (GPIO toggling loop) without any error checking
- If `usbnet_get_endpoints()` fails, the subsequent operations may be working with invalid or uninitialized endpoint data
- This could lead to undefined behavior, potential crashes, or security vulnerabilities when attempting to use the endpoints later

The security rule explicitly states ""The return value must be checked for error before proceeding"" and this code clearly violates that requirement. All other function calls in the code (like `asix_write_cmd`, `asix_write_rx_ctl`, `asix_read_cmd`) properly check their return values and handle errors by jumping to the `out` label, but `usbnet_get_endpoints` is the notable exception.

This is not a false positive because:
- The function has a clear return value that should be checked
- There's an established error handling pattern (`out` label) that could be used
- Proceeding without validation could compromise the security and stability of the USB network device initialization

3. Confidence level: HIGH"
07161b2416f7,usbnet_get_endpoints,ax88178_bind,A call to function usbnet_get_endpoints,The return value must be checked for error before proceeding.,True,HIGH,"1. Decision: YES

2. Detailed reasoning explaining analysis:

The code violates the security rule because `usbnet_get_endpoints(dev, intf)` is called without checking its return value for errors before proceeding.

Looking at the function flow:
- `usbnet_get_endpoints(dev, intf)` is called at the beginning
- The function immediately proceeds to call `asix_read_cmd()` without any error checking
- If `usbnet_get_endpoints()` fails (returns an error code), the function continues execution assuming the endpoints were properly configured
- This could lead to subsequent operations failing or behaving unpredictably due to improperly initialized endpoint structures

The security rule specifically states ""The return value must be checked for error before proceeding."" The code clearly violates this by:
1. Not capturing the return value of `usbnet_get_endpoints()`
2. Not checking if the function succeeded before using the configured endpoints
3. Continuing with device initialization that depends on properly configured endpoints

While other function calls in the code (like `asix_read_cmd()` and `asix_read_phy_addr()`) do have proper error checking, the `usbnet_get_endpoints()` call does not, making this a clear violation of the stated security rule.

3. Confidence: HIGH"
07161b2416f7,usbnet_get_endpoints,ax88772_bind,A call to function usbnet_get_endpoints,The return value must be checked for error before proceeding.,True,HIGH,"1. **Decision: YES**

2. **Detailed reasoning:**

The code violates the security rule ""The return value must be checked for error before proceeding"" specifically with the call to `usbnet_get_endpoints(dev, intf)` on line 13.

**Violation Analysis:**
- `usbnet_get_endpoints()` is called without checking its return value
- The function continues executing subsequent operations that depend on successful endpoint initialization
- If `usbnet_get_endpoints()` fails, the device may be in an invalid state for network operations
- The subsequent calls to `asix_read_cmd()`, hardware reset functions, and network setup assume that endpoints are properly configured

**Why this is a definite violation:**
- The function `usbnet_get_endpoints()` can fail (it returns an error code for a reason)
- Endpoint configuration is critical for USB network device functionality
- Proceeding without valid endpoints can lead to undefined behavior, crashes, or security vulnerabilities
- The rule specifically states return values ""must be checked for error before proceeding"" - this is exactly what's missing here

**Comparison with other calls in the function:**
The code properly checks return values for all other potentially failing operations:
- `asix_read_cmd()` calls are checked
- `asix_read_phy_addr()` return value is checked
- `priv->reset()` return value is checked
- `ax88772_init_mdio()`, `ax88772_phylink_setup()`, and `ax88772_init_phy()` are all checked

This makes the missing check for `usbnet_get_endpoints()` stand out as an inconsistency and clear violation.

3. **Confidence: HIGH**

The violation is clear and unambiguous - there's a missing error check for a function that can fail, and this omission is inconsistent with the error handling pattern used throughout the rest of the function."
10d6bdf53290,bus_find_device_by_name,qm_get_qos_value,A call to bus_find_device_by_name() that returns a device reference,"The returned device reference must be released with put_device() when the device is no longer needed, before all possible exit paths from the calling function",True,HIGH,"1. Decision: YES

2. Detailed reasoning:

This code contains a definite security violation. Here's my analysis:

- `bus_find_device_by_name()` is called and returns a device reference with an incremented reference count
- The returned `dev` pointer is stored in a local variable
- The function uses the device reference to extract information (`pdev->devfn`) and assign it to `*fun_index`
- However, the function returns without calling `put_device(dev)` to release the reference

This is a clear violation because:
- The device reference is obtained locally within this function
- The reference is used for data extraction only
- The function completes its work and returns, but never releases the reference
- There is no mechanism for the caller to know about or manage this reference (the `dev` pointer is not returned or stored anywhere accessible to the caller)
- The reference count remains incremented, causing a memory leak

The function should call `put_device(dev)` before the `return 0;` statement to properly release the device reference. The current implementation will leak device references on every successful call.

3. Confidence: HIGH

The violation is clear-cut - a device reference is acquired, used locally, and never released before function exit. This is exactly the type of bug the security rule is designed to prevent."
10d6bdf53290,driver_find_device_by_of_node,altr_sysmgr_regmap_lookup_by_phandle,A call to driver_find_device_by_of_node() that acquires a reference to a device object,"The device reference must be released with put_device() when the device is no longer needed, before all possible exit paths from the function",True,HIGH,"Looking at this code carefully:

**1. Decision: YES**

**2. Detailed reasoning:**

This code has a definite violation of the security rule. Here's the analysis:

- `driver_find_device_by_of_node()` returns a device pointer with an incremented reference count that must be released with `put_device()`
- The function obtains the device reference: `dev = driver_find_device_by_of_node(&altr_sysmgr_driver.driver, (void *)sysmgr_np);`
- After checking `if (!dev)`, the code proceeds to use the device: `sysmgr = dev_get_drvdata(dev);`
- The function then returns `sysmgr->regmap` without ever calling `put_device(dev)`
- The device pointer `dev` is a local variable that goes out of scope when the function returns
- The caller receives only the `regmap` pointer, not the original device pointer, so they cannot release the reference
- There is no assignment to another variable that would maintain the reference outside this function

This creates a definite memory leak - the device reference count remains incremented but there's no way to decrement it since the device pointer is lost when the function returns.

The proper fix would be to call `put_device(dev)` before returning the regmap, since the regmap itself doesn't depend on holding the device reference.

**3. Confidence: HIGH**

This is a clear-cut case where a device reference is acquired but never released, and the caller has no way to release it since they only receive the regmap pointer."
10d6bdf53290,driver_find_device_by_of_node,tegra_ahb_enable_smmu,A call to driver_find_device_by_of_node() that acquires a reference to a device object,"The device reference must be released with put_device() when the device is no longer needed, before all possible exit paths from the function",True,HIGH,"1. Decision: YES

2. Detailed reasoning explaining my analysis:

This code definitively violates the security rule. Here's my analysis:

**The violation:**
- `driver_find_device_by_of_node()` is called and returns a device pointer with an incremented reference count
- The function uses the device pointer to access driver data and perform operations
- The function returns 0 (success) without calling `put_device()` to release the reference
- This creates a definite memory leak as the reference count is never decremented

**Why this is NOT a false positive:**
- The device pointer is NOT passed as a parameter - it's obtained locally via `driver_find_device_by_of_node()`
- The device pointer is NOT assigned to a persistent variable that would maintain the reference beyond this function's scope
- The device pointer is NOT returned to the caller for them to manage
- There are no error handling paths after the device is found that would release the reference
- The function completes successfully but leaves an orphaned reference

**The security rule explicitly states:** ""The device reference must be released with put_device() when the device is no longer needed, before all possible exit paths from the function""

The device is only needed temporarily to get the driver data and perform register operations. Once these operations complete, the device is no longer needed, but the reference is never released before the function returns.

**Correct fix would be:**
```c
// ... existing code ...
gizmo_writel(ahb, val, AHB_ARBITRATION_XBAR_CTRL);
put_device(dev);  // Release the reference
return 0;
```

3. Confidence level: HIGH

This is a clear-cut violation of the reference counting rules with no ambiguity."
10d6bdf53290,of_find_device_by_node,rzn1_dmamux_route_allocate,A call to function of_find_device_by_node,The reference must be released with put_device if the device is no longer needed.,True,HIGH,"1. Decision: YES

2. Detailed reasoning:

This code DEFINITIVELY violates the security rule. Here's the analysis:

- `pdev` is obtained from `of_find_device_by_node(ofdma->of_node)` at the beginning of the function
- The function uses `pdev` throughout for error messages (`dev_err(&pdev->dev, ...)`) and debug output
- However, there is NO corresponding `put_device(pdev)` call anywhere in the function
- The `pdev` pointer is not returned to the caller, so the caller cannot manage the reference
- The `pdev` pointer is not assigned to any persistent structure that would maintain the reference
- All error paths (`goto free_map`, `goto clear_bitmap`) exit without releasing the device reference
- The successful return path also exits without releasing the device reference

This creates a definite reference leak. Every time this function is called, it increments the reference count on the platform device but never decrements it, leading to a memory leak and preventing proper device cleanup.

The correct fix would be to add `put_device(pdev)` before each return path, or use a single cleanup section that calls `put_device(pdev)` before returning.

3. Confidence: HIGH

This is a clear-cut violation with no ambiguity. The reference is acquired but never released in any code path."
10d6bdf53290,of_find_device_by_node,tegra210_xusb_padctl_probe,A call to function of_find_device_by_node,The reference must be released with put_device if the device is no longer needed.,True,HIGH,"**Decision: YES**

**Detailed reasoning:**

This code contains a definite violation of the security rule. Here's the analysis:

1. **of_find_device_by_node() called**: The function calls `pdev = of_find_device_by_node(np)` which returns a platform_device pointer with an incremented reference count.

2. **Reference not released**: After obtaining the device reference, the code uses it to:
   - Check if platform driver data exists
   - Get a regmap from the device
   - But never calls `put_device()` to release the reference

3. **Multiple exit paths without cleanup**: The function has several exit points:
   - Early return with `ERR_PTR(-EPROBE_DEFER)` if no driver data
   - Normal exit through the `out` label
   - Neither path releases the device reference obtained from `of_find_device_by_node()`

4. **No assignment to persistent storage**: The `pdev` pointer is only used locally within this function and is not stored in any data structure that would maintain the reference beyond this function's scope.

5. **Reference leak**: When this function returns (either successfully or with an error), the reference count on the PMC device remains elevated, causing a memory leak.

The correct implementation should call `put_device(&pdev->dev)` before any return path after successfully obtaining the device reference.

**Confidence: HIGH**

This is a clear-cut case of a reference leak where `of_find_device_by_node()` increments a reference count that is never decremented with the corresponding `put_device()` call."
42378a9ca553,krealloc,gpi_peripheral_config,A call to krealloc that returns NULL (indicating allocation failure),"The original allocation passed to krealloc must be freed with kfree before returning, if krealloc returns NULL",True,HIGH,"1. Decision: YES

2. Detailed reasoning explaining your analysis:

This code definitively violates the security rule. Here's the specific analysis:

**The Violation:**
- `gchan->config` is passed to `krealloc()` as the original allocation
- If `krealloc()` returns NULL (allocation failure), the original memory pointed to by `gchan->config` becomes leaked
- The function returns `-ENOMEM` without freeing the original allocation
- The original `gchan->config` pointer is lost forever since it gets overwritten with NULL

**Why this is NOT a false positive:**
- This is NOT a parameter passed from external function - `gchan->config` is a field of a structure
- The pointer is NOT assigned to another variable that maintains the reference - it's directly overwritten
- There is NO proper error handling - the function just returns without cleanup
- The function does NOT return the pointer for caller management - it returns an error code

**The memory leak scenario:**
1. `gchan->config` points to previously allocated memory
2. `krealloc(gchan->config, ...)` is called
3. `krealloc()` fails and returns NULL
4. `gchan->config` is assigned NULL, losing the reference to original memory
5. Function returns `-ENOMEM` without freeing the original allocation
6. Original memory is permanently leaked

**Correct fix would be:**
```c
void *new_config = krealloc(gchan->config, config->peripheral_size, GFP_NOWAIT);
if (!new_config) {
    kfree(gchan->config);  // Free original allocation
    gchan->config = NULL;
    return -ENOMEM;
}
gchan->config = new_config;
```

3. Confidence level: HIGH

This is a textbook example of the krealloc security rule violation with a clear memory leak path."
42378a9ca553,krealloc_array,cpg_mssr_reserved_init,A call to function krealloc_array,The old allocation must be freed with kfree if the new allocation fails.,True,HIGH,"1. Decision: **YES**

2. Detailed reasoning:

This code DEFINITIVELY violates the security rule. Here's the critical analysis:

**The Violation:**
```c
ids = krealloc_array(ids, (num + 1), sizeof(*ids), GFP_KERNEL);
if (!ids) {
    of_node_put(it.node);
    return -ENOMEM;  // BUG: Original 'ids' pointer is lost!
}
```

**Why this is a definite violation:**

- When `krealloc_array()` fails and returns NULL, the original `ids` pointer (which contained the previous allocation) is overwritten with NULL
- The function immediately returns `-ENOMEM` without freeing the original allocation
- This creates a memory leak because the original memory block is no longer accessible

**Why common false positive scenarios don't apply:**

- `ids` is a LOCAL variable, not a parameter - no external reference exists
- `ids` is NOT assigned to another variable that maintains the reference
- The error path does NOT properly clean up - it only calls `of_node_put(it.node)` but ignores the leaked memory
- The function does NOT return the pointer for caller management - it returns an error code

**Correct fix would be:**
```c
unsigned int *new_ids = krealloc_array(ids, (num + 1), sizeof(*ids), GFP_KERNEL);
if (!new_ids) {
    kfree(ids);  // Free the original allocation
    of_node_put(it.node);
    return -ENOMEM;
}
ids = new_ids;
```

3. Confidence: **HIGH**

This is a textbook example of the krealloc security vulnerability - the original pointer is lost when reallocation fails, creating a definite memory leak."
42378a9ca553,krealloc_array,iort_rmr_alloc_sids,A call to function krealloc_array,The old allocation must be freed with kfree if the new allocation fails.,False,HIGH,"1. **Decision: NO**

2. **Detailed reasoning:**

This code does NOT violate the security rule. Here's my analysis:

**Key factors that make this NOT a violation:**

- **Parameter ownership pattern**: The `sids` pointer is passed as a parameter from an external caller. The caller still maintains ownership and responsibility for the original pointer.

- **Function contract**: This function's purpose is to reallocate and return a new array. The function signature and return pattern indicate the caller is expected to handle memory management.

- **No definitive leak**: When `krealloc_array` fails and returns NULL, the original `sids` pointer remains valid and accessible to the caller. The caller can still free it if needed.

- **Standard realloc pattern**: This follows the typical reallocation pattern where:
  - On success: return the new pointer (caller should use this and free the old one if different)
  - On failure: return NULL, original pointer remains valid for caller to handle

**Why the rule doesn't apply here:**

The security rule about freeing the old allocation on failure typically applies to scenarios where:
- The function has exclusive ownership of the memory
- The original pointer would become inaccessible after the function returns
- There's no way for the caller to clean up

In this case, the caller retains access to the original `sids` pointer and can manage it appropriately based on the return value.

3. **Confidence: HIGH**

This is a standard and safe reallocation pattern commonly used in kernel code where the caller maintains responsibility for memory management."
42378a9ca553,kvrealloc,add_marker,"A call to kvrealloc that returns NULL, indicating reallocation failure","The original allocation (the first parameter to kvrealloc) must be freed before returning or taking error recovery actions, to prevent memory leaks.",True,HIGH,"1. **Decision: YES**

2. **Detailed reasoning:**

This code contains a definite security violation of the kvrealloc rule. Here's the analysis:

- The `markers` variable appears to be a global/static variable (not passed as parameter)
- When `kvrealloc(markers, newsize, GFP_KERNEL)` is called, the original `markers` pointer is passed as the first parameter
- If kvrealloc succeeds, it frees the original allocation and returns a new pointer
- However, if kvrealloc fails and returns NULL, the original `markers` memory is **not automatically freed** by kvrealloc
- The code then assigns NULL to `markers` (`markers = kvrealloc(...)` where kvrealloc returned NULL)
- This overwrites the original pointer without freeing it first
- The error path (`goto error`) does not attempt to free the original allocation
- The original memory allocation is permanently lost, creating a memory leak

The violation occurs because when kvrealloc fails, the original memory remains allocated but the pointer to it is lost when `markers` is set to NULL. The function should either:
- Preserve the original pointer before calling kvrealloc, or  
- Explicitly free the original allocation in the error path

This is not a false positive because:
- `markers` is not a parameter (it's a module-level variable)
- No other variable maintains a reference to the original allocation
- The error handling does not properly manage the original memory
- The function doesn't return the pointer for external management

3. **Confidence: HIGH**"
42378a9ca553,kvrealloc,module_frob_arch_sections,"A call to kvrealloc that returns NULL, indicating reallocation failure","The original allocation (the first parameter to kvrealloc) must be freed before returning or taking error recovery actions, to prevent memory leaks.",False,TARGET_NOT_FOUND,The localized buggy function does not contain the target API call in the current kernel tree.
99ca0b57e49f,pci_disable_device,cdns3_pci_probe,A call to function pci_disable_device,The pci_disable_device function must not be called if the device is already disabled.,False,HIGH,"1. **Decision: NO**

2. **Detailed reasoning:**

Looking at this code carefully, there are two instances where `pci_disable_device(pdev)` is called:

**First instance (line with kzalloc failure):**
```c
if (!wrap) {
    pci_disable_device(pdev);
    return -ENOMEM;
}
```
This call occurs immediately after `pcim_enable_device(pdev)` succeeded. Since we just enabled the device and the allocation failed, calling `pci_disable_device()` here is appropriate and safe.

**Second instance (platform device registration failure):**
```c
if (IS_ERR(wrap->plat_dev)) {
    pci_disable_device(pdev);
    err = PTR_ERR(wrap->plat_dev);
    kfree(wrap);
    return err;
}
```
This occurs after `pcim_enable_device(pdev)` succeeded and we're in an error path where platform device registration failed. Again, since we enabled the device earlier in this function, calling `pci_disable_device()` is appropriate.

**Key observations:**
- The function uses `pcim_enable_device()` (managed version) which should handle cleanup automatically
- Both `pci_disable_device()` calls occur in error paths after the device was successfully enabled in this same function
- The code checks `pci_is_enabled(func)` for the secondary function but doesn't disable it, only the current `pdev`
- There's no scenario where the device would already be disabled when `pci_disable_device()` is called

The security rule states ""pci_disable_device function must not be called if the device is already disabled."" In both cases here, the device was just enabled by this function, so it's definitely not already disabled.

3. **Confidence: HIGH**

The code follows proper error handling patterns and only calls `pci_disable_device()` on a device that was successfully enabled earlier in the same function. There is no violation of the security rule."
99ca0b57e49f,pci_disable_device,cdnsp_pci_probe,A call to function pci_disable_device,The pci_disable_device function must not be called if the device is already disabled.,False,HIGH,"Looking at this code, I need to analyze whether `pci_disable_device()` is called on a device that is already disabled, which would violate the security rule.

**Decision: NO**

**Detailed reasoning:**

1. **Device enabling flow**: The code calls `pcim_enable_device(pdev)` early in the function (line with the comment ""Enabling PCI device has failed""). This enables the PCI device.

2. **Error path analysis**: The `pci_disable_device(pdev)` call is only reached through the `disable_pci:` label, which occurs in error paths after the device has been successfully enabled by `pcim_enable_device()`.

3. **Managed resource pattern**: The code uses `pcim_enable_device()` (note the 'm' prefix) which is the managed version of `pci_enable_device()`. However, the error path still manually calls `pci_disable_device()`, which is a valid pattern for cleaning up in error scenarios before the managed cleanup would take effect.

4. **Control flow verification**: 
   - `pcim_enable_device()` succeeds → device is enabled
   - If any subsequent operation fails → goto `disable_pci` → `pci_disable_device()` called on enabled device
   - This is the correct sequence

5. **No double-disable scenario**: There's no code path where `pci_disable_device()` could be called on an already disabled device. The function either:
   - Fails before enabling the device (exits via `put_pci`)
   - Successfully enables the device, then potentially disables it once in error paths
   - Succeeds completely (no disable call)

The code follows proper PCI device management practices where disable is only called after a successful enable, and only once per enable.

**Confidence: HIGH**

The control flow is clear and there's no scenario where `pci_disable_device()` would be called on an already disabled device."
a508e33956b5,of_parse_phandle,__cci_ace_get_port,A call to function of_parse_phandle that returns a device node pointer with incremented refcount.,The returned device node pointer must be released with of_node_put() when done to avoid refcount leak.,True,HIGH,"1. Decision: YES

2. Detailed reasoning:
This code definitively violates the security rule. Here's the analysis:

- `of_parse_phandle(dn, ""cci-control-port"", 0)` is called and returns a device node pointer with an incremented reference count
- The returned pointer `cci_portn` is stored in a local variable
- The pointer is only used for comparison in the loop: `cci_portn == ports[i].dn`
- After the loop completes (whether a match is found or not), the function returns without calling `of_node_put(cci_portn)`
- The local variable `cci_portn` goes out of scope when the function returns, but the reference count remains incremented

This is NOT a false positive because:
- The pointer is NOT passed as a parameter from an external function
- The pointer is NOT assigned to another variable that would maintain the reference outside this function
- The pointer is NOT returned to the caller for them to manage
- There are no error handling paths that clean up the resource
- The function simply uses the pointer for comparison and then abandons it

The reference count leak occurs in all execution paths of this function. Even when a match is found and the function returns early with `return i`, the `of_node_put()` call is still missing.

3. Confidence: HIGH

The violation is clear and unambiguous. The `of_parse_phandle()` call increments a reference count that is never decremented, leading to a definite memory leak."
a508e33956b5,of_parse_phandle,amx3_idle_init,A call to function of_parse_phandle that returns a device node pointer with incremented refcount.,The returned device node pointer must be released with of_node_put() when done to avoid refcount leak.,True,HIGH,"**Decision: YES**

**Detailed reasoning:**

This code has a definite violation of the security rule. Here's my analysis:

1. **of_parse_phandle() calls**: The function calls `of_parse_phandle(cpu_node, ""cpu-idle-states"", i)` in a loop, which returns device node pointers that increment the reference count.

2. **Missing of_node_put() calls**: After obtaining each `state_node` pointer, the code uses it to:
   - Check availability with `of_device_is_available(state_node)`
   - Read properties with `of_property_read_bool(state_node, ""ti,idle-wkup-m3"")`
   
   However, there are **no corresponding of_node_put() calls** to decrement the reference count.

3. **Reference count leak**: Each successful call to `of_parse_phandle()` increments the device node's reference count. Without `of_node_put()`, these references are never released, causing a refcount leak.

4. **Multiple leak scenarios**:
   - Normal path: When `state_node` is processed and the loop continues
   - Early termination: When `i == CPUIDLE_STATE_MAX` and the loop breaks
   - Skip path: When `of_device_is_available(state_node)` returns false and `continue` is executed

5. **Not a false positive**: This is not a case where:
   - The pointer is passed as a parameter (it's locally obtained)
   - The pointer is assigned to maintain reference elsewhere
   - There's proper error handling
   - The pointer is returned for caller management

**Confidence: HIGH**

The violation is clear and definite - every `of_parse_phandle()` call should be paired with `of_node_put()` before the pointer goes out of scope, but none are present in this code."
a508e33956b5,of_parse_phandle,cdx_msi_domain_init,A call to function of_parse_phandle that returns a device node pointer with incremented refcount.,The returned device node pointer must be released with of_node_put() when done to avoid refcount leak.,True,HIGH,"1. **Decision: YES**

2. **Detailed reasoning:**

This code contains a definite security violation. Here's the analysis:

- `of_parse_phandle(np, ""msi-map"", 1)` returns a device node pointer with an incremented reference count
- The returned pointer is stored in `parent_node`
- `parent_node` is used to get a fwnode handle via `of_fwnode_handle(parent_node)`
- However, `parent_node` is never released with `of_node_put()` before the function returns

**Critical violation points:**
- In the success path: The function returns `cdx_msi_domain` without calling `of_node_put(parent_node)`, causing a reference leak
- In error paths: When `irq_find_matching_fwnode()` or `msi_create_irq_domain()` fail, the function returns NULL without releasing `parent_node`

**Why this is NOT a false positive:**
- This is not a parameter pointer - `parent_node` is locally obtained via `of_parse_phandle()`
- The pointer is not assigned to maintain reference elsewhere - it's only used locally to get the fwnode handle
- There are no proper error handling paths that clean up the resource
- The function does not return this pointer for caller management - it returns a different pointer (`cdx_msi_domain`)

The correct fix would be to add `of_node_put(parent_node)` after the `irq_find_matching_fwnode()` call and before each return statement, since the device node reference is no longer needed after getting the IRQ domain.

3. **Confidence: HIGH**

The violation is clear and unambiguous - a device node pointer obtained from `of_parse_phandle()` is never released, causing a definite reference count leak in all code paths."
a508e33956b5,of_parse_phandle,imx_pcie_probe,A call to function of_parse_phandle that returns a device node pointer with incremented refcount.,The returned device node pointer must be released with of_node_put() when done to avoid refcount leak.,True,HIGH,"## Analysis

**Decision: YES**

**Detailed Reasoning:**

This code contains a definite violation of the security rule. Here's my analysis:

1. **of_parse_phandle() call identified**: Line `np = of_parse_phandle(node, ""fsl,imx7d-pcie-phy"", 0);` returns a device node pointer with an incremented reference count.

2. **Usage pattern**: The pointer `np` is used in the following block:
   - Checked for validity (`if (np)`)
   - Used in `of_address_to_resource(np, 0, &res)` 
   - After this usage, the pointer is never released

3. **Missing of_node_put()**: There is no corresponding `of_node_put(np)` call anywhere in the function, neither in the success path nor in error paths.

4. **Error handling analysis**: Even in the error path where `of_address_to_resource()` fails, the function returns immediately without releasing the reference: `return ret;`

5. **Function scope**: This is a complete function (`imx_pcie_probe`) and the `np` variable is local to this function. The pointer is not:
   - Passed as a parameter from outside
   - Assigned to any persistent data structure
   - Returned to the caller
   - Stored in any way that would maintain the reference beyond this function

6. **Memory leak consequence**: When this function exits (either successfully or on error after the `of_parse_phandle` call), the reference count on the device node remains elevated, causing a reference count leak.

This is a clear violation of the security rule requiring device node pointers from `of_parse_phandle()` to be released with `of_node_put()`.

**Confidence: HIGH**

The violation is unambiguous - there's a clear acquisition of a reference without any corresponding release, leading to a definite memory leak."
a508e33956b5,of_parse_phandle,omap_usb2_probe,A call to function of_parse_phandle that returns a device node pointer with incremented refcount.,The returned device node pointer must be released with of_node_put() when done to avoid refcount leak.,True,HIGH,"1. **Decision: YES**

2. **Detailed reasoning:**

This code has a DEFINITE violation of the security rule. Here's the analysis:

**The violation occurs with `control_node`:**
```c
control_node = of_parse_phandle(node, ""ctrl-module"", 0);
if (!control_node) {
    dev_err(&pdev->dev, ""Failed to get control device phandle\n"");
    return -EINVAL;
}

control_pdev = of_find_device_by_node(control_node);
if (!control_pdev) {
    dev_err(&pdev->dev, ""Failed to get control device\n"");
    return -EINVAL;  // BUG: control_node reference leaked here
}
```

**Why this is a definite violation:**
- `of_parse_phandle()` returns a device node pointer with an incremented reference count
- The pointer is stored in `control_node` 
- After calling `of_find_device_by_node(control_node)`, the `control_node` pointer is no longer used
- There are two error return paths (`return -EINVAL`) where `control_node` is not released with `of_node_put()`
- Even in the success path, `control_node` is never released - it goes out of scope without cleanup

**The correct fix would be:**
```c
control_node = of_parse_phandle(node, ""ctrl-module"", 0);
if (!control_node) {
    dev_err(&pdev->dev, ""Failed to get control device phandle\n"");
    return -EINVAL;
}

control_pdev = of_find_device_by_node(control_node);
of_node_put(control_node);  // Release the reference immediately after use

if (!control_pdev) {
    dev_err(&pdev->dev, ""Failed to get control device\n"");
    return -EINVAL;
}
```

This is not a false positive because:
- The pointer is not passed as a parameter from outside
- It's not assigned to maintain the reference elsewhere
- There's no conditional logic preventing the leak
- The function doesn't return this pointer for caller management
- This is a local variable that goes out of scope without proper cleanup

3. **Confidence: HIGH**

The violation is clear and unambiguous. Every code path that uses `control_node` fails to call `of_node_put()`, creating a definite reference count leak."
a508e33956b5,of_parse_phandle,rcar_drif_bond_enabled,A call to function of_parse_phandle that returns a device node pointer with incremented refcount.,The returned device node pointer must be released with of_node_put() when done to avoid refcount leak.,False,HIGH,"1. **Decision: NO**

2. **Detailed reasoning:**

This code does NOT violate the security rule. Here's my analysis:

- The function calls `of_parse_phandle()` which returns a device node pointer with an incremented reference count
- The function then returns this pointer directly to the caller in the success case (`if (np && of_device_is_available(np)) return np;`)
- In the failure case, it returns NULL (implicitly calling `of_node_put()` would be needed here, but since `np` is NULL or the device is not available, there's no leak)

**Key point:** This is a **pointer-returning function** where the caller receives the pointer and becomes responsible for managing its lifecycle. The function is designed to transfer ownership of the reference to the caller. This is a common and valid pattern in kernel code.

The caller of `rcar_drif_bond_enabled()` will receive the device node pointer and must call `of_node_put()` when done with it. The responsibility for releasing the reference is correctly transferred to the caller, not handled within this function.

This is similar to other kernel functions that return allocated resources - the caller gets both the resource and the responsibility to free it.

3. **Confidence: HIGH**

This is a clear case of a function that returns a pointer for the caller to manage, which is an explicitly mentioned scenario to avoid flagging as a false positive."
a508e33956b5,of_parse_phandle,simplefb_get_memory_of,A call to function of_parse_phandle that returns a device node pointer with incremented refcount.,The returned device node pointer must be released with of_node_put() when done to avoid refcount leak.,True,HIGH,"1. **Decision: YES**

2. **Detailed reasoning:**

This code definitively violates the security rule. Here's my analysis:

- `np = of_parse_phandle(of_node, ""memory-region"", 0)` gets a device node pointer with an incremented reference count
- The pointer `np` is used only once: `err = of_address_to_resource(np, 0, res)`
- After this usage, `np` is never released with `of_node_put()`
- The function has multiple return paths (NULL return, ERR_PTR(-ENOMEM), ERR_PTR(err), and normal return), and NONE of them call `of_node_put(np)`
- This is not a case where the pointer is passed as a parameter - `np` is locally obtained within this function
- This is not a case where the pointer is assigned to maintain reference elsewhere - it's only used temporarily
- This is not a case where the function returns the pointer for caller management - the function returns a `struct resource *`, not the device node
- The error handling paths also fail to release the reference

The missing `of_node_put(np)` before each return statement creates a definite reference count leak. The correct pattern would be to call `of_node_put(np)` after `of_address_to_resource()` and before any return.

3. **Confidence: HIGH**

This is a clear-cut violation with no ambiguity. The device node reference is acquired locally, used, and never released, creating a guaranteed memory leak."
a508e33956b5,of_parse_phandle,tegra210_xusb_padctl_probe,A call to function of_parse_phandle that returns a device node pointer with incremented refcount.,The returned device node pointer must be released with of_node_put() when done to avoid refcount leak.,True,HIGH,"1. Decision: **YES**

2. Detailed reasoning:

This code contains a **DEFINITE violation** of the security rule. Here's the analysis:

**The violation:**
- `np = of_parse_phandle(dev->of_node, ""nvidia,pmc"", 0)` returns a device node pointer with an incremented reference count
- The function uses this pointer in `pdev = of_find_device_by_node(np)` 
- However, `np` is **never released** with `of_node_put(np)` before the function returns

**Critical flow analysis:**
- After `of_find_device_by_node(np)`, the `np` pointer is no longer needed
- The function continues to use `pdev` (not `np`) for subsequent operations
- Both success path (`goto out`) and all error paths (`return ERR_PTR(...)`) exit without calling `of_node_put(np)`
- Even if `np` is NULL (when `of_parse_phandle` fails), the code safely jumps to `out:` label, but when `np` is valid, it's leaked

**Why this is NOT a false positive:**
- The pointer is NOT passed as a parameter - it's locally created
- The pointer is NOT assigned to maintain reference elsewhere - `pdev` is derived from `np` but doesn't hold the device node reference
- There are NO error handling paths that properly release `np`
- The function does NOT return `np` for caller management - it returns `&padctl->base`

**The fix would be:**
```c
pdev = of_find_device_by_node(np);
of_node_put(np);  // Add this line
if (!pdev) {
    dev_warn(dev, ""PMC device is not available\n"");
    goto out;
}
```

3. Confidence: **HIGH**

This is a clear refcount leak where the device node reference obtained from `of_parse_phandle()` is never properly released."
a508e33956b5,of_parse_phandle,thermal_of_cm_lookup,A call to function of_parse_phandle that returns a device node pointer with incremented refcount.,The returned device node pointer must be released with of_node_put() when done to avoid refcount leak.,True,HIGH,"1. Decision: YES

2. Detailed reasoning:
This code contains a definite violation of the security rule. Let me trace through the issue:

- `tr_np = of_parse_phandle(child, ""trip"", 0);` - This call returns a device node pointer with an incremented reference count
- `if (tr_np != trip->priv) continue;` - If the condition is true, the function continues to the next iteration without calling `of_node_put(tr_np)`
- Even in the success path where `tr_np == trip->priv`, the function proceeds to the cooling device lookup and may return true via `thermal_of_get_cooling_spec()`, but never calls `of_node_put(tr_np)`
- The pointer `tr_np` goes out of scope at the end of each loop iteration without being properly released

This is not a case of:
- Pointer passed as parameter (tr_np is locally obtained)
- Pointer assigned to maintain reference (tr_np is only used for comparison)
- Proper error handling (no of_node_put calls anywhere)
- Returning pointer to caller (tr_np is not returned)

The reference count acquired by `of_parse_phandle()` is never decremented, causing a definite refcount leak in all execution paths.

3. Confidence: HIGH

The violation is clear and unambiguous - every call to `of_parse_phandle()` must be paired with `of_node_put()`, and this code lacks that pairing entirely."
a508e33956b5,of_parse_phandle,vexpress_syscfg_probe,A call to function of_parse_phandle that returns a device node pointer with incremented refcount.,The returned device node pointer must be released with of_node_put() when done to avoid refcount leak.,True,HIGH,"1. **Decision: YES**

2. **Detailed reasoning:**

This code contains a definite violation of the security rule. Let me analyze the problematic section:

```c
for_each_compatible_node(node, NULL, ""arm,vexpress,config-bus"") {
    struct device_node *bridge_np;

    bridge_np = of_parse_phandle(node, ""arm,vexpress,config-bridge"", 0);
    if (bridge_np != pdev->dev.parent->of_node)
        continue;

    of_platform_populate(node, NULL, NULL, &pdev->dev);
}
```

The violation occurs here:
- `bridge_np = of_parse_phandle(node, ""arm,vexpress,config-bridge"", 0);` obtains a device node pointer with an incremented reference count
- The pointer is only used for comparison: `if (bridge_np != pdev->dev.parent->of_node)`
- If the condition is false (i.e., `bridge_np == pdev->dev.parent->of_node`), the code continues to `of_platform_populate()` but **never calls `of_node_put(bridge_np)`**
- If the condition is true, the code continues to the next iteration, again **without calling `of_node_put(bridge_np)`**

In both execution paths, the reference count acquired by `of_parse_phandle()` is never decremented, causing a reference count leak. The `bridge_np` variable goes out of scope at each loop iteration without proper cleanup.

The correct fix would be to add `of_node_put(bridge_np);` after the comparison, regardless of which path is taken.

3. **Confidence: HIGH**

This is a clear-cut case of a reference count leak. The `of_parse_phandle()` return value is used only temporarily for comparison and then abandoned without proper cleanup in all code paths."
b505063910c1,debugfs_lookup,drm_debugfs_remove_files,A call to function debugfs_lookup that returns a dentry pointer,"The returned dentry must have dput() called on it to prevent memory leak, or debugfs_lookup_and_remove() should be used instead",True,HIGH,"1. Decision: YES

2. Detailed reasoning:

This code definitively violates the security rule. Here's the analysis:

- `debugfs_lookup(files[i].name, root)` is called and returns a dentry pointer with an incremented reference count
- The returned `dent` pointer is used for two operations:
  - `drmm_kfree(minor->dev, d_inode(dent)->i_private)` - frees associated private data
  - `debugfs_remove(dent)` - removes the debugfs entry
- **Critical issue**: `debugfs_remove()` does NOT call `dput()` internally - it only removes the entry from the debugfs filesystem but does not decrement the reference count
- The function never calls `dput(dent)` to release the reference obtained from `debugfs_lookup()`
- This creates a definite memory leak as the dentry's reference count remains elevated

The correct fix would be either:
- Add `dput(dent)` after `debugfs_remove(dent)`
- Or use `debugfs_lookup_and_remove()` instead of the lookup/remove pattern

This is not a false positive because:
- The pointer is not passed as a parameter (it's locally obtained)
- The pointer is not assigned to maintain a reference elsewhere
- There's no error handling that would clean up the reference
- The function doesn't return the pointer for caller management
- The reference count increment from `debugfs_lookup()` is never balanced with a corresponding `dput()`

3. Confidence: HIGH"
b505063910c1,debugfs_lookup,hisi_acc_vfio_debug_init,A call to function debugfs_lookup that returns a dentry pointer,"The returned dentry must have dput() called on it to prevent memory leak, or debugfs_lookup_and_remove() should be used instead",True,HIGH,"## Analysis

**Decision: YES**

**Detailed reasoning:**

This code contains a definite violation of the security rule. Here's the analysis:

1. **debugfs_lookup() call**: The function calls `debugfs_lookup(""migration"", vdev->debug_root)` which returns a dentry with an incremented reference count.

2. **Missing dput() call**: The returned dentry `vfio_dev_migration` is used only as a parent parameter for `debugfs_create_dir()`, but there is no corresponding `dput()` call to decrement the reference count.

3. **Reference leak**: After `debugfs_create_dir(""hisi_acc"", vfio_dev_migration)` executes, the `vfio_dev_migration` dentry is no longer needed by this function, but its reference count remains elevated due to the missing `dput()`.

4. **No alternative cleanup**: The function doesn't use `debugfs_lookup_and_remove()` as an alternative, nor does it assign the pointer to a persistent structure that would maintain the reference for later cleanup.

5. **Error path analysis**: Even in the error path where `kzalloc()` fails, the function returns without calling `dput()`, creating a memory leak.

The correct fix would be to add `dput(vfio_dev_migration)` after the `debugfs_create_dir()` call, or use `debugfs_lookup_and_remove()` if removal semantics are intended.

**Confidence: HIGH**

This is a clear-cut case where `debugfs_lookup()` is called but the returned dentry reference is never properly released, violating the stated security rule."
b505063910c1,debugfs_lookup,iwl_mld_add_link_debugfs,A call to function debugfs_lookup that returns a dentry pointer,"The returned dentry must have dput() called on it to prevent memory leak, or debugfs_lookup_and_remove() should be used instead",True,HIGH,"1. **Decision: YES**

2. **Detailed reasoning:**

This code definitively violates the security rule. Let me analyze the flow:

- `debugfs_lookup(""iwlmld"", dir)` is called and returns a dentry pointer with an incremented reference count
- The returned pointer is assigned to `mld_link_dir`
- If `mld_link_dir` is NOT NULL (meaning the lookup succeeded), the code does nothing with it - it doesn't call `dput()` and doesn't assign it anywhere else
- If `mld_link_dir` IS NULL, a new directory is created with `debugfs_create_dir()` and assigned to the same variable

The critical issue is in the first case: when `debugfs_lookup()` succeeds and returns a valid dentry, that dentry has its reference count incremented. However, the function never calls `dput()` on this returned dentry, causing a memory leak.

The comment explains the logic - they're checking if an ""iwlmld"" directory already exists to determine if this is a deflink or a per-link directory. But after making this determination, they abandon the reference obtained from `debugfs_lookup()` without properly releasing it.

This is not a case where:
- The pointer is passed as a parameter (it's locally obtained)
- The pointer is assigned to maintain reference elsewhere (it's only used locally)
- There's proper error handling (no cleanup for the successful lookup case)
- The pointer is returned to caller (function returns void)

The fix would be to call `dput(mld_link_dir)` after the conditional check, or use `debugfs_lookup_and_remove()` if removal is intended.

3. **Confidence: HIGH**

This is a clear violation of the security rule with a definite memory leak in the success path of `debugfs_lookup()`."
b505063910c1,debugfs_lookup,margining_port_init,A call to function debugfs_lookup that returns a dentry pointer,"The returned dentry must have dput() called on it to prevent memory leak, or debugfs_lookup_and_remove() should be used instead",True,MEDIUM,"Looking at this code carefully to identify if there's a definite security violation:

## Analysis

1. **debugfs_lookup() call**: The function calls `debugfs_lookup(dir_name, port->sw->debugfs_dir)` which returns a dentry with an incremented reference count.

2. **Reference handling**: The returned dentry `parent` is passed directly to `margining_alloc()` as a parameter.

3. **Key consideration**: I need to determine if `margining_alloc()` takes ownership of the reference or if the caller retains responsibility.

4. **No explicit dput()**: There is no `dput()` call in this function, and no use of `debugfs_lookup_and_remove()`.

5. **Function context**: This appears to be an initialization function that sets up debugging infrastructure. The `parent` dentry is likely intended to be used as a parent directory for creating new debugfs entries.

6. **Ownership transfer**: When a dentry is passed to a function for creating child entries (which `margining_alloc` likely does based on the name and context), the callee typically either:
   - Takes ownership and manages the reference internally, OR
   - Uses the dentry temporarily and expects the caller to manage it

Without seeing the `margining_alloc()` implementation, I cannot definitively determine if it takes ownership of the reference. However, the pattern suggests this could be a leak.

## Decision: UNCERTAIN

## Detailed Reasoning:
This case is genuinely ambiguous because:
- The `debugfs_lookup()` call increments the reference count
- The returned pointer is passed to `margining_alloc()` 
- Without examining `margining_alloc()`'s implementation, I cannot determine if it takes ownership of the reference or expects the caller to manage it
- If `margining_alloc()` does NOT take ownership, this would be a definite memory leak
- If `margining_alloc()` DOES take ownership (e.g., stores the dentry and calls dput() later), this would be correct

The ambiguity stems from incomplete information about the callee's behavior, which is crucial for determining reference ownership.

## Confidence: MEDIUM

The code pattern suggests a potential violation, but without additional context about `margining_alloc()`'s behavior, I cannot make a definitive determination. This requires examining the implementation of the called function to understand reference ownership semantics."
c158cf914713,fwnode_get_named_child_node,mv88e6xxx_port_setup_leds,A call to function fwnode_get_named_child_node,The returned fwnode pointer must be released with fwnode_handle_put.,False,TARGET_NOT_FOUND,The localized buggy function does not contain the target API call in the current kernel tree.
c158cf914713,fwnode_get_named_child_node,mvpp2_use_acpi_compat_mode,A call to function fwnode_get_named_child_node,The returned fwnode pointer must be released with fwnode_handle_put.,True,HIGH,"1. Decision: YES

2. Detailed reasoning: 
This code DEFINITIVELY violates the security rule. The function calls `fwnode_get_named_child_node(port_fwnode, ""fixed-link"")` which returns a pointer that must be released with `fwnode_handle_put()` according to the security rule. However, the returned pointer is used directly in a boolean context within the return statement and is never stored in a variable or passed to `fwnode_handle_put()`.

The violation occurs because:
- `fwnode_get_named_child_node()` increments the reference count and returns a pointer
- The pointer is used only to check if it's non-NULL (implicit boolean conversion)
- The pointer is immediately discarded without calling `fwnode_handle_put()`
- This creates a reference count leak - the child node's reference count is incremented but never decremented

This is a classic reference counting bug where the function acquires a reference but fails to release it. The fact that the pointer is used in a boolean context doesn't exempt it from the cleanup requirement.

The correct implementation would need to:
```c
struct fwnode_handle *fixed_link = fwnode_get_named_child_node(port_fwnode, ""fixed-link"");
bool has_fixed_link = !!fixed_link;
if (fixed_link)
    fwnode_handle_put(fixed_link);
return (!fwnode_property_present(port_fwnode, ""phy-handle"") &&
        !fwnode_property_present(port_fwnode, ""managed"") &&
        !has_fixed_link);
```

3. Confidence: HIGH"
c158cf914713,of_graph_get_endpoint_by_regs,mtk_dp_dt_parse,A call to of_graph_get_endpoint_by_regs(),The returned device_node pointer must be released with of_node_put() when no longer needed,True,HIGH,"**Decision: YES**

**Detailed reasoning:**

This code contains a definite security violation. Here's my analysis:

1. **Pointer acquisition**: The function calls `of_graph_get_endpoint_by_regs(pdev->dev.of_node, 1, -1)` which returns a device_node pointer with an incremented reference count.

2. **Pointer usage**: The returned `endpoint` pointer is used only once in `of_property_count_elems_of_size(endpoint, ""data-lanes"", sizeof(u32))`.

3. **Missing cleanup**: After this usage, the `endpoint` pointer is never passed to `of_node_put()` to decrement the reference count.

4. **Multiple exit paths**: The function has several return paths:
   - Early returns on error conditions (lines with `return -EINVAL` and `return ret`)
   - Normal success return (`return 0`)
   
   None of these paths call `of_node_put(endpoint)`.

5. **No reference transfer**: The pointer is not:
   - Assigned to a persistent structure member
   - Returned to the caller
   - Passed to another function that would take ownership

6. **Scope limitation**: The `endpoint` variable is local to this function, so once the function returns, the pointer becomes inaccessible while the reference count remains elevated.

This creates a definite memory leak where the device_node's reference count is permanently incremented, preventing proper cleanup of the device tree node.

**Confidence: HIGH**

The violation is clear-cut - there's an acquired reference that is never released, with no mechanism for the caller or any other code to release it."
c158cf914713,of_graph_get_endpoint_by_regs,samsung_dsim_parse_dt,A call to of_graph_get_endpoint_by_regs(),The returned device_node pointer must be released with of_node_put() when no longer needed,True,HIGH,"1. Decision: YES

2. Detailed reasoning:

This code contains a DEFINITE violation of the security rule. Here's my analysis:

**The violation:**
- Line `endpoint = of_graph_get_endpoint_by_regs(node, 1, -1);` obtains a device_node pointer
- The `endpoint` pointer is then used in subsequent calls to `of_property_count_u32_elems()` and `of_property_read_u32_array()`
- However, there is NO corresponding `of_node_put(endpoint)` call anywhere in the function
- The function returns successfully at the end without releasing the reference

**Why this is NOT a false positive:**
- The pointer is NOT passed as a parameter - it's obtained locally within this function
- The pointer is NOT assigned to any persistent structure or returned to caller
- The pointer is NOT stored in any global or long-lived variable
- There are NO error handling paths that would clean up this resource
- The function completes execution without transferring ownership of the reference

**The security impact:**
This creates a memory leak where the device_node's reference count is incremented by `of_graph_get_endpoint_by_regs()` but never decremented. Over time, this prevents the device_node from being properly freed, leading to memory leaks.

**Correct fix would be:**
Add `of_node_put(endpoint);` before the function returns, or handle the case where `endpoint` might be NULL from the `of_graph_get_endpoint_by_regs()` call.

3. Confidence: HIGH

The violation is clear and unambiguous - a reference is acquired but never released within the same function scope."
c158cf914713,of_graph_get_endpoint_by_regs,sii902x_probe,A call to of_graph_get_endpoint_by_regs(),The returned device_node pointer must be released with of_node_put() when no longer needed,True,HIGH,"1. Decision: YES

2. Detailed reasoning explaining my analysis:

This code contains a DEFINITE violation of the security rule. Here's my analysis:

**First endpoint (line 33-35):**
```c
endpoint = of_graph_get_endpoint_by_regs(dev->of_node, 0, -1);
if (endpoint)
    of_property_read_u32(endpoint, ""bus-width"", &sii902x->bus_width);
```
This is a clear violation. The function `of_graph_get_endpoint_by_regs()` returns a device_node pointer with an incremented reference count. The code uses this pointer to read a property but never calls `of_node_put(endpoint)` to release the reference. After the `of_property_read_u32()` call, the pointer goes out of scope when the variable is reassigned on line 37, but the reference count remains incremented, causing a memory leak.

**Second endpoint (line 37-54):**
```c
endpoint = of_graph_get_endpoint_by_regs(dev->of_node, 1, -1);
if (endpoint) {
    struct device_node *remote = of_graph_get_remote_port_parent(endpoint);
    
    of_node_put(endpoint);  // This is CORRECT
    // ... rest of the handling
}
```
This second usage is handled correctly - the endpoint pointer is properly released with `of_node_put(endpoint)` on line 40.

The violation is in the first usage where the endpoint pointer from the first call to `of_graph_get_endpoint_by_regs()` is never released. This creates a definite memory leak because:
- The pointer has an incremented reference count
- It's not passed to any other function that would take ownership
- It's not assigned to a persistent variable
- There's no error handling that would clean it up
- The pointer is overwritten on line 37, losing the reference forever

3. Confidence level: HIGH

The first endpoint usage clearly violates the security rule by failing to call `of_node_put()` on a pointer returned by `of_graph_get_endpoint_by_regs()`."
c158cf914713,of_graph_get_remote_endpoint,sun4i_tcon_of_get_id_from_port,A call to of_graph_get_remote_endpoint(),The returned device_node pointer must be released with of_node_put() when no longer needed,True,HIGH,"1. Decision: YES

2. Detailed reasoning:
This code has a definite memory leak violation. Let me trace through the critical path:

- `remote = of_graph_get_remote_endpoint(ep);` - This call returns a device_node pointer with an incremented reference count that must be released with of_node_put()
- The code then uses `remote` in `of_property_read_u32(remote, ""reg"", &reg)`
- If `of_property_read_u32()` fails (ret != 0), the code executes `continue`, which jumps to the next loop iteration
- When `continue` is executed, the `remote` pointer is abandoned without calling `of_node_put(remote)`, causing a memory leak
- Even in the success case where `ret = reg` is executed, the function returns without calling `of_node_put(remote)`

The code violates the security rule in two scenarios:
1. When `of_property_read_u32()` fails - `remote` is leaked via the `continue` statement
2. When `of_property_read_u32()` succeeds - `remote` is leaked when the function returns

The correct fix would be to add `of_node_put(remote)` before both the `continue` statement and before setting `ret = reg`.

This is not a false positive because:
- The pointer is not passed as a parameter (it's locally obtained)
- The pointer is not assigned to maintain reference elsewhere
- There are no proper error handling paths for this resource
- The function does not return the pointer for caller management

3. Confidence: HIGH"
c158cf914713,of_slim_get_device,qcom_slim_ngd_notify_slaves,A call to of_slim_get_device(),The returned slim_device reference must be released with the corresponding put function when no longer needed,True,HIGH,"1. Decision: **YES**

2. Detailed reasoning:
This code contains a definite security violation. Let me analyze the key points:

- The function calls `of_slim_get_device(&ctrl->ctrl, node)` which returns a slim_device reference that must be released with a corresponding put function according to the security rule
- The returned `sbdev` pointer is only used locally within the loop iteration for a single operation (`slim_get_logical_addr(sbdev)`)
- After the `slim_get_logical_addr(sbdev)` call, the `sbdev` pointer goes out of scope at the end of each loop iteration
- There is no call to any put function (like `slim_device_put()` or similar) to release the reference
- This is not a case where:
  - The pointer is passed as a parameter (it's locally obtained)
  - The pointer is assigned to maintain the reference elsewhere
  - The pointer is returned for caller management
  - There are error handling paths that clean up (the error path still leaks)

The pattern shows a clear resource leak: each iteration acquires a reference via `of_slim_get_device()` but never releases it. This will cause reference count leaks for each child node processed, leading to memory that can never be freed.

3. Confidence: **HIGH**

This is a textbook example of the security rule violation - acquiring a reference through `of_slim_get_device()` without the corresponding release, with no legitimate reason for maintaining the reference beyond the local scope."
e3862093ee93,pci_get_device,octep_sriov_enable,pci_get_device() function that returns a PCI device object,"When the returned pci_dev pointer is no longer needed, its reference count must be decremented by calling pci_dev_put()",False,TARGET_NOT_FOUND,The localized buggy function does not contain the target API call in the current kernel tree.
e3862093ee93,pci_get_device,pas_setup_mce_regs,pci_get_device() function that returns a PCI device object,"When the returned pci_dev pointer is no longer needed, its reference count must be decremented by calling pci_dev_put()",True,HIGH,"1. **Decision: YES**

2. **Detailed reasoning:**

This code contains definite violations of the pci_get_device security rule. Let me analyze each section:

**First loop (0xa00a devices):**
- Gets initial device with `pci_get_device(PCI_VENDOR_ID_PASEMI, 0xa00a, NULL)`
- In the while loop, calls `pci_get_device(PCI_VENDOR_ID_PASEMI, 0xa00a, dev)` which automatically decrements the reference count of the previous `dev` and returns the next device
- However, when the loop exits (either `dev` is NULL or `reg >= MAX_MCE_REGS`), the final `dev` pointer is not released with `pci_dev_put()`

**Second section (0xa001 device):**
- Gets device with `pci_get_device(PCI_VENDOR_ID_PASEMI, 0xa001, NULL)`
- Uses the device to get configuration addresses
- Never calls `pci_dev_put(dev)` to release the reference

**Third section (0xa009 device):**
- Gets device with `pci_get_device(PCI_VENDOR_ID_PASEMI, 0xa009, NULL)`
- Uses the device to get configuration addresses  
- Never calls `pci_dev_put(dev)` to release the reference

The code only extracts configuration addresses from these devices and doesn't need to maintain long-term references to them. Each `pci_get_device()` call increments the reference count, but there are no corresponding `pci_dev_put()` calls to decrement them, causing definite memory leaks.

This is not a case where:
- The pointer is passed as a parameter (it's locally obtained)
- The pointer is assigned to maintain reference elsewhere
- There are proper error handling paths
- The function returns the pointer for caller management

3. **Confidence: HIGH**

The violations are clear and unambiguous - multiple `pci_get_device()` calls without corresponding `pci_dev_put()` calls for cleanup."
e3862093ee93,pci_get_device,pasemi_dma_init,pci_get_device() function that returns a PCI device object,"When the returned pci_dev pointer is no longer needed, its reference count must be decremented by calling pci_dev_put()",False,HIGH,"1. Decision: **NO**

2. Detailed reasoning:

Looking at this code carefully, I can identify three `pci_get_device()` calls that obtain PCI device pointers:

a) `iob_pdev = pci_get_device(PCI_VENDOR_ID_PASEMI, 0xa001, NULL);`
b) `dma_pdev = pci_get_device(PCI_VENDOR_ID_PASEMI, 0xa007, NULL);`
c) Two for-loops that call `pci_get_device()` with device IDs 0xa006 and 0xa005

**Analysis of each case:**

- **iob_pdev**: This pointer is properly released with `pci_dev_put(iob_pdev);` near the end of the function after it's no longer needed.

- **dma_pdev**: This pointer is assigned to a global variable and is NOT released in this function. However, this appears to be intentional - the global `dma_pdev` is meant to persist beyond this initialization function for use by other parts of the DMA subsystem.

- **Loop iterations**: Both for-loops properly call `pci_dev_put(pdev);` immediately after each loop completes, which correctly releases the reference for the last device returned by `pci_get_device()`.

**Key observations:**
- The function appears to be an initialization routine that sets up global state
- `dma_pdev` is stored globally, suggesting it's meant to persist beyond this function
- All other PCI device references are properly cleaned up
- The lack of cleanup for `dma_pdev` appears intentional for this driver architecture

This follows a common pattern in Linux kernel drivers where initialization functions obtain device references that are stored globally for the lifetime of the driver.

3. Confidence level: **HIGH**

The code properly manages PCI device references according to the intended design - temporary references are cleaned up, while the persistent global reference is retained for driver operation."
e3862093ee93,pci_get_subsys,nforce2_detect_chipset,Function pci_get_subsys that searches for and returns a reference to a PCI device,"When the returned pci_dev pointer is no longer needed, its reference count must be decremented by calling pci_dev_put() to prevent memory leaks",True,HIGH,"1. Decision: **YES**

2. Detailed reasoning:
This code definitively violates the security rule. Here's my analysis:

- `pci_get_subsys()` returns a `pci_dev` pointer with an incremented reference count
- The pointer is assigned to the global variable `nforce2_dev`
- The function successfully completes and returns 0, but **never calls `pci_dev_put()`**
- This is NOT a case where:
  - The pointer is passed as a parameter (it's obtained locally via `pci_get_subsys()`)
  - The pointer is returned to caller for management (function returns int, not the pointer)
  - There are proper error handling paths (the NULL check is for detection failure, not cleanup)
  - Another variable maintains the reference (only `nforce2_dev` holds it)

The reference count acquired by `pci_get_subsys()` is never decremented, creating a definitive memory leak. Even though `nforce2_dev` is global and may be used elsewhere, this function is responsible for decrementing the reference it acquired. The typical pattern would be to call `pci_dev_put(nforce2_dev)` either at the end of this function, in a cleanup function, or in an exit path.

3. Confidence: **HIGH**

This is a clear-cut violation - the function acquires a reference via `pci_get_subsys()` but never releases it with `pci_dev_put()`, resulting in a guaranteed reference count leak."
e3862093ee93,pci_get_subsys,nforce2_fsb_read,Function pci_get_subsys that searches for and returns a reference to a PCI device,"When the returned pci_dev pointer is no longer needed, its reference count must be decremented by calling pci_dev_put() to prevent memory leaks",True,HIGH,"1. Decision: YES

2. Detailed reasoning:
This code contains a definite violation of the security rule. Here's the analysis:

- The function calls `pci_get_subsys()` which returns a `pci_dev` pointer with an incremented reference count
- The pointer `nforce2_sub5` is used to perform PCI operations (`pci_read_config_dword`)
- However, there is NO corresponding `pci_dev_put()` call anywhere in the function to decrement the reference count
- The function returns various values but never returns the `nforce2_sub5` pointer itself, so the caller cannot manage the reference
- The pointer is not assigned to any global variable or data structure that would maintain the reference
- Even in the error path (when `!nforce2_sub5`), the function returns 0, but this is not a violation since the pointer is NULL

The function acquires a reference to the PCI device through `pci_get_subsys()`, uses it for configuration reads, and then discards the pointer without releasing the reference. This creates a memory leak as the PCI device's reference count will never be decremented, preventing proper cleanup of the device structure.

The correct fix would be to add `pci_dev_put(nforce2_sub5);` before each return statement (except the early return when the pointer is NULL).

3. Confidence: HIGH"
f89672cc3681,memdup_user_nul,bnad_debugfs_write_regrd,memdup_user_nul function that copies user data with size parameter len,The len parameter must be validated to be within reasonable bounds (greater than or equal to 0 and less than a maximum safe allocation size) before performing allocation and copy operations to prevent integer overflow and excessive memory allocation,True,HIGH,"1. **Decision: YES**

2. **Detailed reasoning:**

This code violates the security rule because the `nbytes` parameter passed to `memdup_user_nul()` is not properly validated before allocation. Here's the analysis:

**The Violation:**
- `memdup_user_nul(buf, nbytes)` is called directly with the user-provided `nbytes` value
- There is NO validation of `nbytes` before this call to ensure it's within reasonable bounds
- The function only validates the `len` parameter AFTER parsing it from the copied buffer, but by then the potentially dangerous allocation has already occurred

**Security Implications:**
- **Integer Overflow**: Large `nbytes` values could cause integer overflow in the allocation
- **Excessive Memory Allocation**: An attacker could pass extremely large `nbytes` values (up to SIZE_MAX) causing the kernel to attempt massive allocations
- **Denial of Service**: This could lead to memory exhaustion or system instability

**Code Flow Analysis:**
1. `nbytes` comes directly from user space (via the `write` syscall)
2. `memdup_user_nul(buf, nbytes)` allocates `nbytes + 1` bytes without any bounds checking
3. Only after successful allocation and copy does the code parse and validate the `len` field
4. The validation `len > UINT_MAX >> 2` only applies to the parsed `len`, not the original `nbytes`

**Why this is a definite violation:**
- The rule specifically requires validation ""before performing allocation and copy operations""
- The allocation happens immediately without any size validation
- This is a classic example of TOCTOU (Time of Check Time of Use) - the check happens after the use

3. **Confidence: HIGH**

This is a clear violation where user input is used directly for memory allocation without proper bounds checking, creating a potential security vulnerability."
f89672cc3681,memdup_user_nul,bnad_debugfs_write_regwr,memdup_user_nul function that copies user data with size parameter len,The len parameter must be validated to be within reasonable bounds (greater than or equal to 0 and less than a maximum safe allocation size) before performing allocation and copy operations to prevent integer overflow and excessive memory allocation,True,HIGH,"1. Decision: YES

2. Detailed reasoning:

This code DEFINITELY violates the security rule. Here's my analysis:

**Rule Violation Analysis:**
The security rule requires that ""the len parameter must be validated to be within reasonable bounds (greater than or equal to 0 and less than a maximum safe allocation size) before performing allocation and copy operations.""

**Code Analysis:**
```c
kern_buf = memdup_user_nul(buf, nbytes);
```

The `nbytes` parameter is passed directly to `memdup_user_nul()` without ANY validation. This is a clear violation because:

1. **No bounds checking**: There is no validation that `nbytes` is within reasonable limits
2. **No maximum size check**: An attacker could pass an extremely large `nbytes` value (e.g., SIZE_MAX or close to it)
3. **No minimum size check**: While less critical, there's no check for negative values (though `size_t` is unsigned, this could still be relevant for very large values that wrap)

**Attack Scenarios:**
- An attacker could pass a massive `nbytes` value causing:
  - Excessive memory allocation that could exhaust system memory
  - Potential integer overflow issues in the allocation path
  - Denial of service through memory exhaustion

**What Should Be Done:**
The code should validate `nbytes` before the `memdup_user_nul()` call, something like:
```c
if (nbytes == 0 || nbytes > SOME_REASONABLE_MAX)
    return -EINVAL;
```

**Memory Management Analysis:**
While the memory management itself is correct (proper `kfree()` calls on both success and error paths), this doesn't address the fundamental security issue of unbounded allocation.

3. Confidence: HIGH

This is a textbook example of the security rule violation - direct use of user-controlled size parameter without validation before allocation."
f89672cc3681,memdup_user_nul,idt_dbgfs_csr_write,memdup_user_nul function that copies user data with size parameter len,The len parameter must be validated to be within reasonable bounds (greater than or equal to 0 and less than a maximum safe allocation size) before performing allocation and copy operations to prevent integer overflow and excessive memory allocation,True,HIGH,"1. Decision: **YES**

2. Detailed reasoning:
This code violates the security rule because the `count` parameter is passed directly to `memdup_user_nul(ubuf, count)` without any validation. Let me analyze the specific issues:

**Missing validation of `count` parameter:**
- The function accepts `count` as a `size_t` parameter from user space
- There is no check to ensure `count` is within reasonable bounds
- No verification that `count < MAX_SAFE_ALLOCATION_SIZE` or similar limit
- No check for `count == 0` or extremely large values

**Security implications:**
- **Integer overflow risk**: Very large `count` values could cause integer overflow in memory allocation calculations
- **Excessive memory allocation**: An attacker could pass extremely large `count` values (e.g., SIZE_MAX) to trigger massive memory allocations, potentially causing:
  - System memory exhaustion
  - Denial of service
  - Out-of-memory conditions

**What should be present but is missing:**
```c
if (count == 0 || count > MAX_REASONABLE_SIZE) {
    return -EINVAL;
}
```

The code does have proper error handling for the `memdup_user_nul()` call itself (checking `IS_ERR(buf)`), but this doesn't prevent the underlying security issue of unbounded allocation attempts. The vulnerability exists at the validation layer before the allocation occurs.

This is a definite violation because user-controlled input (`count`) is used directly for memory allocation without bounds checking, which is a classic security anti-pattern that can lead to resource exhaustion attacks.

3. Confidence level: **HIGH**"
f89672cc3681,memdup_user_nul,led_proc_write,memdup_user_nul function that copies user data with size parameter len,The len parameter must be validated to be within reasonable bounds (greater than or equal to 0 and less than a maximum safe allocation size) before performing allocation and copy operations to prevent integer overflow and excessive memory allocation,False,HIGH,"1. **Decision: NO**

2. **Detailed reasoning:**

This code does NOT violate the security rule. Let me analyze the length validation:

**Length validation analysis:**
- The `count` parameter (which becomes the `len` parameter to `memdup_user_nul`) is properly validated
- There's an explicit bounds check: `if (count > LED_MAX_LENGTH) count = LED_MAX_LENGTH;`
- This ensures `count` cannot exceed `LED_MAX_LENGTH`, preventing excessive memory allocation
- The code implicitly handles the lower bound since `count` is of type `size_t` (unsigned), so it cannot be negative
- Even if `count` is 0, `memdup_user_nul` can handle this safely

**Security considerations met:**
- **Upper bound protection:** `LED_MAX_LENGTH` acts as the maximum safe allocation size
- **Lower bound protection:** `size_t` type ensures non-negative values
- **Integer overflow prevention:** By capping at `LED_MAX_LENGTH`, the allocation size is controlled
- **Proper error handling:** The code checks `IS_ERR(buf)` after `memdup_user_nul`
- **Memory management:** The allocated buffer is properly freed with `kfree(buf)` at the end

The bounds validation occurs BEFORE the `memdup_user_nul` call, which is exactly what the security rule requires. The `LED_MAX_LENGTH` constant serves as the ""maximum safe allocation size"" mentioned in the rule.

3. **Confidence: HIGH**

The length validation is explicit, proper, and occurs before the allocation. This is a textbook example of correct implementation of the security rule."
f89672cc3681,memdup_user_nul,ofdt_write,memdup_user_nul function that copies user data with size parameter len,The len parameter must be validated to be within reasonable bounds (greater than or equal to 0 and less than a maximum safe allocation size) before performing allocation and copy operations to prevent integer overflow and excessive memory allocation,True,HIGH,"1. **Decision: YES**

2. **Detailed reasoning:**

This code violates the security rule because the `count` parameter (which becomes the `len` parameter to `memdup_user_nul`) is not validated before being used for memory allocation.

**Violation analysis:**
- The `count` parameter is passed directly to `memdup_user_nul(buf, count)` without any bounds checking
- There is no validation that `count` is within reasonable limits
- No check for maximum safe allocation size
- No protection against potential integer overflow scenarios

**Security implications:**
- An attacker could pass an extremely large `count` value, potentially causing:
  - Excessive memory allocation that could exhaust system memory
  - Integer overflow in allocation calculations
  - Denial of service through memory exhaustion

**What should be present:**
- Validation that `count > 0` and `count < MAX_SAFE_SIZE` 
- Bounds checking before the `memdup_user_nul` call
- Proper error handling for invalid size parameters

**Note on memory management:**
While the code properly handles the allocated memory (correctly calls `kfree(kbuf)` in all paths), the security violation occurs at the allocation stage where unbounded input is accepted.

3. **Confidence: HIGH**

The absence of any size validation before calling `memdup_user_nul` with user-controlled input is a clear violation of the stated security rule requiring len parameter validation."
f89672cc3681,memdup_user_nul,proc_write_simdisk,memdup_user_nul function that copies user data with size parameter len,The len parameter must be validated to be within reasonable bounds (greater than or equal to 0 and less than a maximum safe allocation size) before performing allocation and copy operations to prevent integer overflow and excessive memory allocation,True,HIGH,"1. **Decision: YES**

2. **Detailed reasoning:**

This code definitively violates the security rule regarding parameter validation for `memdup_user_nul`. Here's my analysis:

**The Violation:**
The function directly calls `memdup_user_nul(buf, count)` without any validation of the `count` parameter. The security rule explicitly requires that the length parameter be validated to ensure it's:
- Greater than or equal to 0
- Less than a maximum safe allocation size

**Why this is a definite violation:**
- The `count` parameter comes directly from user space via the `proc_write` interface
- No bounds checking is performed before the `memdup_user_nul` call
- An attacker could pass an extremely large `count` value (e.g., SIZE_MAX or close to it)
- This could lead to:
  1. Integer overflow issues in the allocation
  2. Excessive memory allocation that could exhaust system memory
  3. Potential denial of service

**Memory management analysis (not the primary issue here):**
While the memory management appears correct (proper error handling with `IS_ERR()` check and cleanup via `kfree(tmp)` in the `out_free` label), this doesn't address the fundamental security violation of missing input validation.

**What should be added:**
The function should validate `count` before calling `memdup_user_nul`, something like:
```c
if (count < 0 || count > MAX_SAFE_SIZE)
    return -EINVAL;
```

3. **Confidence: HIGH**

This is a clear-cut violation of the stated security rule. The absence of any bounds checking on a user-controlled parameter before memory allocation is a definitive security issue."
f89672cc3681,simple_write_to_buffer,ad3552r_hs_write_data_source,simple_write_to_buffer function that copies user data to a buffer with position and count parameters,The count parameter must be validated to be non-zero and the effective write size (count adjusted for position) must not exceed the available buffer space (available - pos) before performing the copy_from_user operation,True,HIGH,"1. Decision: YES

2. Detailed reasoning:

This code violates the security rule due to a critical buffer bounds check issue. Let me analyze the specific violations:

**Primary Violation - Buffer Overflow:**
The code performs `buf[count] = '\0';` after the `simple_write_to_buffer` call without properly validating that `count` is within safe bounds. Here's the problem:

- Buffer `buf` is declared with size 64: `char buf[64];`
- `simple_write_to_buffer` is called with `sizeof(buf) - 1` (which is 63) as the available space
- However, the null termination `buf[count] = '\0';` uses the original `count` parameter, not the return value from `simple_write_to_buffer`

**The Security Issue:**
If `count >= 64`, then `buf[count] = '\0';` will write beyond the buffer bounds, causing a buffer overflow. Even though `simple_write_to_buffer` will only copy at most 63 bytes, the null termination operation uses the unchecked `count` value.

**Correct Implementation Should Be:**
```c
ret = simple_write_to_buffer(buf, sizeof(buf) - 1, ppos, userbuf, count);
if (ret < 0)
    return ret;
buf[ret] = '\0';  // Use 'ret' (actual bytes written), not 'count'
```

**Additional Issues:**
- No validation that `count > 0` before the operation
- The effective write size validation is implicitly handled by `simple_write_to_buffer`, but the subsequent buffer access violates bounds

This is a definite security vulnerability that could lead to stack buffer overflow.

3. Confidence level: HIGH

The buffer overflow vulnerability is clear and definitive - using `count` instead of `ret` for the null termination creates a bounds violation that could be exploited."
