seed patch,detected target,spec_target,spec_predicate,bug_row_count,expected_buggy_functions,candidate_count,audited_candidate_count,audited_function,is_expected_for_any_bug_row,has_violation,confidence,analysis
10d6bdf53290,driver_find_device_by_of_node,A call to driver_find_device_by_of_node() that acquires a reference to a device object,"The device reference must be released with put_device() when the device is no longer needed, before all possible exit paths from the function",2,altr_sysmgr_regmap_lookup_by_phandle;tegra_ahb_enable_smmu,3,3,exynos_get_pmu_regmap_by_phandle,False,True,HIGH,"1. Decision: YES

2. Detailed reasoning:

This code has a DEFINITE security violation. Here's the analysis:

- `driver_find_device_by_of_node()` returns a device pointer with an incremented reference count that must be released with `put_device()`
- The function obtains this device reference: `dev = driver_find_device_by_of_node(&exynos_pmu_driver.driver, (void *)pmu_np);`
- After checking `if (!dev)`, the code proceeds to the final return statement: `return syscon_node_to_regmap(pmu_np);`
- At this point, the `dev` pointer (which holds the device reference) goes out of scope without calling `put_device(dev)`
- This creates a definite memory leak as the device reference is never released

The violation occurs on the success path where `dev` is non-NULL. The function successfully finds the device but then abandons the reference without proper cleanup. The `dev` pointer is only used for the NULL check and then discarded, but the underlying device reference remains held.

This is not a case where:
- The pointer is returned to caller (it's not returned)
- The pointer is assigned to maintain reference elsewhere (it's not)
- There's proper error handling (the success path leaks)
- The pointer comes from external parameter (it comes from driver_find_device_by_of_node)

The fix would be to add `put_device(dev);` before the final return statement.

3. Confidence: HIGH"
c158cf914713,of_slim_get_device,A call to of_slim_get_device(),The returned slim_device reference must be released with the corresponding put function when no longer needed,1,qcom_slim_ngd_notify_slaves,3,3,wcd9335_slim_status,False,True,HIGH,"1. Decision: YES

2. Detailed reasoning:

This code violates the security rule because it has multiple error paths that fail to release the slim_device reference obtained from `of_slim_get_device()`.

The violation occurs here:
- Line 18: `wcd->slim_ifc_dev = of_slim_get_device(sdev->ctrl, ifc_dev_np);` - This obtains a reference that must be released
- The reference is stored in `wcd->slim_ifc_dev` but there are several error paths that return without releasing it:

Error paths that leak the reference:
1. Lines 25-27: If `regmap_init_slimbus()` fails, the function returns via `dev_err_probe()` without releasing `wcd->slim_ifc_dev`
2. Lines 30-33: If the interface regmap initialization fails, the function returns without releasing the reference
3. Lines 35-39: If `wcd9335_bring_up()` fails, the function returns without releasing the reference
4. Lines 41-43: If `wcd9335_irq_init()` fails, the function returns without releasing the reference

While the reference is stored in the `wcd` structure (which suggests it might be released elsewhere in the driver lifecycle), the immediate error paths in this function create definite memory leaks. The security rule requires that references be released ""when no longer needed,"" and in these error cases, the reference is definitely no longer needed but is not being released.

The code properly releases the device tree node reference (`of_node_put(ifc_dev_np)`) but fails to handle the slim device reference in the same careful manner.

3. Confidence: HIGH

The violation is clear and definite - there are multiple error paths that fail to release a reference that was successfully obtained, creating memory leaks."
c158cf914713,of_slim_get_device,A call to of_slim_get_device(),The returned slim_device reference must be released with the corresponding put function when no longer needed,1,qcom_slim_ngd_notify_slaves,3,3,wcd934x_codec_parse_data,False,True,HIGH,"1. Decision: YES

2. Detailed reasoning:
This code violates the security rule because it obtains a slim_device reference through `of_slim_get_device()` but never releases it with the corresponding put function.

Here's the analysis:
- `wcd->sidev = of_slim_get_device(wcd->sdev->ctrl, ifc_dev_np);` obtains a reference to a slim_device
- The reference is stored in `wcd->sidev` and used to initialize a regmap
- The function returns successfully without calling any put function to release the reference
- There are no error handling paths that release the reference either
- The reference is not returned to the caller for management

The code properly handles the device_node reference (`ifc_dev_np`) by calling `of_node_put()`, but fails to handle the slim_device reference obtained from `of_slim_get_device()`. This creates a reference leak where the slim_device will never be properly released, violating the stated security rule.

Even though the pointer is assigned to a struct member (`wcd->sidev`), this doesn't constitute proper reference management - the reference still needs to be explicitly released when the wcd934x_codec structure is cleaned up or when an error occurs.

3. Confidence: HIGH"
10d6bdf53290,bus_find_device_by_name,A call to bus_find_device_by_name() that returns a device reference,"The returned device reference must be released with put_device() when the device is no longer needed, before all possible exit paths from the calling function",1,qm_get_qos_value,30,10,unbind_store,False,True,HIGH,"1. Decision: YES

2. Detailed reasoning:
This code definitively violates the security rule. Here's the analysis:

- `bus_find_device_by_name()` returns a device reference that must be released with `put_device()`
- The returned device pointer `dev` is stored in a local variable
- The code uses the device reference in the conditional check `if (dev && dev->driver)`
- However, there is NO call to `put_device(dev)` anywhere in the function
- The function has two exit paths:
  - When `dev` is NULL or `dev->driver` is NULL: returns -ENODEV
  - When `dev` and `dev->driver` are valid: calls `device_driver_detach(dev)` and returns count
- In BOTH exit paths, the device reference is leaked because `put_device()` is never called
- This is not a case where the pointer is passed as a parameter (it's obtained locally)
- This is not a case where the pointer is assigned to maintain reference elsewhere
- This is not a case where the function returns the pointer for caller management
- The `device_driver_detach()` call does not release the reference obtained from `bus_find_device_by_name()`

The correct code should call `put_device(dev)` before returning, regardless of which path is taken.

3. Confidence: HIGH

This is a clear-cut violation of the reference counting rule with no ambiguity. The device reference is obtained locally and never released on any exit path."
10d6bdf53290,bus_find_device_by_name,A call to bus_find_device_by_name() that returns a device reference,"The returned device reference must be released with put_device() when the device is no longer needed, before all possible exit paths from the calling function",1,qm_get_qos_value,30,10,bind_store,False,True,HIGH,"1. Decision: YES

2. Detailed reasoning:

This code has a DEFINITE violation of the security rule. Here's my analysis:

**The violation:**
- `bus_find_device_by_name()` is called and returns a device reference that must be released with `put_device()`
- The returned `dev` pointer is used throughout the function but is NEVER released with `put_device()`
- There are multiple exit paths in this function, and NONE of them call `put_device()` before returning

**Exit paths analysis:**
1. Early return `if (!dev || dev->driver || drv != &dsa_drv.drv)` - no `put_device()`
2. Return `if (!alt_drv)` - no `put_device()`  
3. Return `if (rc < 0)` after `device_driver_attach()` fails - no `put_device()`
4. Successful return with `return count` - no `put_device()`

**Why this is NOT a false positive:**
- The `dev` pointer is NOT passed as a parameter (it's locally obtained)
- The `dev` pointer is NOT assigned to another variable that would maintain the reference
- The `dev` pointer is NOT returned to the caller for management
- `device_driver_attach(alt_drv, dev)` does not take ownership of the device reference - it's a driver binding operation, not a reference transfer

**The security impact:**
This creates a memory leak where device references accumulate without being properly released, potentially leading to resource exhaustion and preventing proper device cleanup.

3. Confidence level: HIGH

The violation is clear and unambiguous - every code path fails to release the device reference obtained from `bus_find_device_by_name()`."
42378a9ca553,krealloc,A call to krealloc that returns NULL (indicating allocation failure),"The original allocation passed to krealloc must be freed with kfree before returning, if krealloc returns NULL",1,gpi_peripheral_config,152,10,papr_init,False,True,HIGH,"1. Decision: YES

2. Detailed reasoning:

This code contains a definite violation of the security rule. Let me trace through the problematic path:

1. `esi_buf` is initially allocated with `kmalloc(esi_buf_size, GFP_KERNEL)`
2. In the retry section, when `ret == H_PARTIAL || ret == H_P4`, the code calls:
   ```c
   temp_esi_buf = krealloc(esi_buf, esi_buf_size, GFP_KERNEL);
   if (temp_esi_buf)
       esi_buf = temp_esi_buf;
   else
       return -ENOMEM;  // <-- VIOLATION HERE
   ```

3. When `krealloc` returns NULL (stored in `temp_esi_buf`), the function immediately returns `-ENOMEM` without freeing the original `esi_buf`.

According to the security rule, when `krealloc` returns NULL, the original allocation (`esi_buf`) must be freed with `kfree` before returning. However, in this case, the original `esi_buf` is leaked because:
- `krealloc` failed and returned NULL
- The original `esi_buf` pointer still points to valid allocated memory
- The function returns immediately without calling `kfree(esi_buf)`
- There's no other reference to this memory that would allow it to be freed later

This is a classic memory leak scenario where `krealloc` failure leaves the original allocation orphaned.

The correct fix would be:
```c
temp_esi_buf = krealloc(esi_buf, esi_buf_size, GFP_KERNEL);
if (temp_esi_buf)
    esi_buf = temp_esi_buf;
else {
    kfree(esi_buf);  // Free original allocation
    return -ENOMEM;
}
```

3. Confidence: HIGH

The violation is clear and unambiguous - there's a definite memory leak when `krealloc` fails."
42378a9ca553,krealloc,A call to krealloc that returns NULL (indicating allocation failure),"The original allocation passed to krealloc must be freed with kfree before returning, if krealloc returns NULL",1,gpi_peripheral_config,152,10,vfio_ccw_register_dev_region,False,True,HIGH,"1. Decision: YES

2. Detailed reasoning:
This code violates the security rule. Here's the analysis:

- `krealloc(private->region, ...)` is called to resize the existing allocation
- If `krealloc` returns NULL (allocation failure), the function immediately returns `-ENOMEM`
- The original `private->region` pointer is NOT freed when `krealloc` fails
- According to the krealloc behavior: when it returns NULL, the original memory block remains unchanged and valid, but the caller is responsible for freeing it
- The security rule specifically states: ""The original allocation passed to krealloc must be freed with kfree before returning, if krealloc returns NULL""

The violation occurs in this sequence:
```c
region = krealloc(private->region, new_size, GFP_KERNEL);
if (!region)
    return -ENOMEM;  // BUG: private->region is not freed here
```

The correct implementation should be:
```c
region = krealloc(private->region, new_size, GFP_KERNEL);
if (!region) {
    kfree(private->region);  // Free the original allocation
    private->region = NULL;   // Clear the pointer
    return -ENOMEM;
}
```

This is not a false positive because:
- The pointer is not passed as a parameter (it's a struct member)
- No other variable maintains the reference to the original allocation
- There's no proper error handling for the krealloc failure case
- The function doesn't return the pointer for caller management

3. Confidence: HIGH"
42378a9ca553,krealloc,A call to krealloc that returns NULL (indicating allocation failure),"The original allocation passed to krealloc must be freed with kfree before returning, if krealloc returns NULL",1,gpi_peripheral_config,152,10,add_timeline_fence_array,False,True,HIGH,"1. Decision: YES

2. Detailed reasoning:

This code violates the security rule. Here's the analysis:

The function calls `krealloc()` on `eb->fences`:
```c
f = krealloc(eb->fences,
             (eb->num_fences + nfences) * sizeof(*f),
             __GFP_NOWARN | GFP_KERNEL);
if (!f)
    return -ENOMEM;
```

When `krealloc()` returns NULL (allocation failure), the original `eb->fences` pointer is still valid and points to the original allocation. However, the function immediately returns `-ENOMEM` without freeing the original allocation.

According to the security rule, when `krealloc()` returns NULL, the original allocation must be freed with `kfree()` before returning. This code fails to do that.

The correct pattern should be:
```c
f = krealloc(eb->fences, new_size, flags);
if (!f) {
    kfree(eb->fences);  // Free original allocation
    eb->fences = NULL;  // Clear the pointer
    return -ENOMEM;
}
```

This is a definite memory leak because:
- The original `eb->fences` allocation remains allocated but becomes unreachable
- The function returns an error, so the caller cannot clean up the original allocation
- There's no mechanism to free the original allocation after this function fails

3. Confidence: HIGH

This is a clear violation of the krealloc security rule with a definite memory leak when allocation fails."
42378a9ca553,krealloc,A call to krealloc that returns NULL (indicating allocation failure),"The original allocation passed to krealloc must be freed with kfree before returning, if krealloc returns NULL",1,gpi_peripheral_config,152,10,add_fence_array,False,True,HIGH,"1. Decision: YES

2. Detailed reasoning:

This code violates the security rule. Here's the analysis:

**The violation occurs in the error handling paths after krealloc succeeds:**

- `krealloc()` is called on `eb->fences` and returns a new pointer `f`
- If `krealloc()` returns NULL, the function correctly returns -ENOMEM (no violation here)
- However, if `krealloc()` succeeds (returns non-NULL), the new pointer is assigned to `eb->fences`
- **Critical issue**: In the subsequent error paths (lines with `return -EFAULT`, `return -EINVAL`, `return -ENOENT`), the function returns without calling `kfree()` on the original `eb->fences` pointer

**Specific violation scenarios:**
- If `__copy_from_user()` fails → returns -EFAULT without freeing original allocation
- If `user_fence.flags & __I915_EXEC_FENCE_UNKNOWN_FLAGS` → returns -EINVAL without freeing
- If `drm_syncobj_find()` fails → returns -ENOENT without freeing
- If `drm_syncobj_fence_get()` fails → returns -EINVAL without freeing

**Why this is a definite violation:**
- The original `eb->fences` memory becomes unreachable when `krealloc()` succeeds and returns a different pointer
- The new pointer is stored in `eb->fences`, but if any subsequent operation fails, the function exits without the caller having a chance to free the memory
- This creates a memory leak where the original allocation is lost

**This is NOT a false positive because:**
- The pointer is not passed as a parameter (it's a field access)
- While `eb->fences` is updated, the error paths don't provide proper cleanup
- The function doesn't return the pointer for caller management in error cases

3. Confidence level: HIGH

The violation is clear and definite - when krealloc succeeds but subsequent operations fail, the original memory allocation is leaked."
b505063910c1,debugfs_lookup,A call to function debugfs_lookup that returns a dentry pointer,"The returned dentry must have dput() called on it to prevent memory leak, or debugfs_lookup_and_remove() should be used instead",4,drm_debugfs_remove_files;hisi_acc_vfio_debug_init;iwl_mld_add_link_debugfs;margining_port_init,14,10,intel_display_debugfs_params,False,True,HIGH,"1. Decision: YES

2. Detailed reasoning:

This code violates the security rule because it calls `debugfs_lookup()` but never calls `dput()` on the returned dentry, creating a definite memory leak.

Let me trace through the code:

- `debugfs_lookup(dirname, minor->debugfs_root)` is called and returns a dentry with an incremented reference count
- If the lookup succeeds (`dir` is not NULL), the function proceeds to use this dentry
- The dentry is then passed to `_intel_display_param_create_file()` calls via the REGISTER macro
- However, there is no corresponding `dput()` call anywhere in the function to decrement the reference count
- The function ends without releasing the reference, causing a memory leak

The code has two paths:
1. `debugfs_lookup()` succeeds → uses the returned dentry but never calls `dput()` → VIOLATION
2. `debugfs_lookup()` fails → creates a new directory with `debugfs_create_dir()` → no violation for this path since `debugfs_create_dir()` doesn't require `dput()`

This is not a false positive because:
- The pointer is not passed as a parameter from an external function
- The pointer is not assigned to another variable that would maintain the reference
- There are no error handling paths that clean up the reference
- The function doesn't return the pointer for the caller to manage
- The dentry is only used locally within this function

The fix would be to either:
1. Add `dput(dir)` at the end of the function when `dir` came from `debugfs_lookup()`
2. Use `debugfs_lookup_and_remove()` instead if appropriate for the use case

3. Confidence: HIGH"
b505063910c1,debugfs_lookup,A call to function debugfs_lookup that returns a dentry pointer,"The returned dentry must have dput() called on it to prevent memory leak, or debugfs_lookup_and_remove() should be used instead",4,drm_debugfs_remove_files;hisi_acc_vfio_debug_init;iwl_mld_add_link_debugfs;margining_port_init,14,10,create_phy_debug_root,False,True,HIGH,"1. Decision: YES

2. Detailed reasoning explaining your analysis:

This code violates the security rule because it creates a definite memory leak scenario. Here's the analysis:

- `debugfs_lookup(""phy"", usb_debug_root)` returns a dentry with an incremented reference count
- If the lookup succeeds (returns non-NULL), the function immediately returns this dentry without calling `dput()` on it
- While the caller receives the pointer, they have no way of knowing whether this dentry came from `debugfs_lookup()` (requiring `dput()`) or `debugfs_create_dir()` (not requiring `dput()`)
- This creates an ambiguous ownership model where the caller cannot properly manage the reference count

The violation occurs in this specific flow:
1. `debugfs_lookup()` finds existing ""phy"" directory and returns it with incremented refcount
2. Function returns this pointer directly to caller
3. Caller has no indication they need to call `dput()` on a looked-up dentry
4. Reference count is never decremented, causing memory leak

The mixed return semantics (sometimes returning a looked-up dentry, sometimes a newly created one) make it impossible for callers to handle the reference counting correctly. The function should either:
- Always call `dput()` on the looked-up dentry before returning
- Use `debugfs_lookup_and_remove()` if removal is intended
- Document clearly that callers must call `dput()` on the returned pointer

3. Confidence level: HIGH

The violation is clear because there's a definite path where a reference-counted pointer from `debugfs_lookup()` is returned without proper cleanup, and the caller cannot reasonably be expected to handle this correctly due to the ambiguous return semantics."
e3862093ee93,pci_get_device,pci_get_device() function that returns a PCI device object,"When the returned pci_dev pointer is no longer needed, its reference count must be decremented by calling pci_dev_put()",3,octep_sriov_enable;pas_setup_mce_regs;pasemi_dma_init,158,10,pasemi_register_i2c_devices,False,True,HIGH,"1. Decision: YES

2. Detailed reasoning:

This code violates the security rule because it fails to call `pci_dev_put()` on the `pdev` pointer returned by `pci_get_device()`.

Let me trace through the code:

- The function uses `pci_get_device()` in a while loop: `while ((pdev = pci_get_device(PCI_VENDOR_ID_PASEMI, 0xa003, pdev)))`
- Each call to `pci_get_device()` returns a `pci_dev` pointer with an incremented reference count
- The function processes each device by getting its device node and registering I2C devices
- However, there is no corresponding `pci_dev_put()` call anywhere in the function to decrement the reference count

The loop pattern here is problematic because:
- Each iteration gets a new `pci_dev` pointer with an incremented reference count
- The previous pointer (if any) is overwritten without calling `pci_dev_put()`
- When the loop exits (when `pci_get_device()` returns NULL), the last valid `pdev` pointer is lost without its reference being decremented
- All the `pci_dev` structures obtained during the loop iterations have leaked references

The correct pattern should include `pci_dev_put(pdev)` before the loop continues to the next iteration, and proper handling when exiting the loop.

This is a definite violation because:
- The function obtains references via `pci_get_device()` but never releases them
- The references are not passed to any other function or stored anywhere for later cleanup
- There's no error handling that would clean up the references
- The function doesn't return the pointer for caller management

3. Confidence level: HIGH"
e3862093ee93,pci_get_device,pci_get_device() function that returns a PCI device object,"When the returned pci_dev pointer is no longer needed, its reference count must be decremented by calling pci_dev_put()",3,octep_sriov_enable;pas_setup_mce_regs;pasemi_dma_init,158,10,setup_ibs_ctl,False,True,HIGH,"1. Decision: YES

2. Detailed reasoning:

This code has a definite memory leak violation. Let me trace through the execution:

The function uses `pci_get_device()` in a loop to iterate through all matching PCI devices. Each call to `pci_get_device()` returns a pointer with an incremented reference count that must be decremented with `pci_dev_put()`.

**The violation occurs in the normal execution path:**
- The loop continues until `pci_get_device()` returns NULL (no more devices)
- On each iteration, a new `cpu_cfg` pointer is obtained with an incremented reference count
- The loop processes each device but never calls `pci_dev_put()` for any of the devices in the normal flow
- When the loop exits normally (when `pci_get_device()` returns NULL), the last valid `cpu_cfg` pointer from the previous iteration still holds a reference that is never released

**Error path analysis:**
- There IS a `pci_dev_put(cpu_cfg)` call in the error path when the configuration write fails
- However, this only handles the error case, not the normal execution path

**The bug:**
Every `cpu_cfg` pointer obtained from `pci_get_device()` needs `pci_dev_put()` called on it, but the code only does this in the error path. In normal execution, all the device references leak because they're never decremented.

**Correct pattern should be:**
```c
do {
    cpu_cfg = pci_get_device(..., cpu_cfg);
    if (!cpu_cfg)
        break;
    // ... process device ...
    pci_dev_put(cpu_cfg);  // Missing in normal path
} while (1);
```

3. Confidence: HIGH

This is a clear violation of the reference counting rule with definite memory leaks in the normal execution path."
e3862093ee93,pci_get_device,pci_get_device() function that returns a PCI device object,"When the returned pci_dev pointer is no longer needed, its reference count must be decremented by calling pci_dev_put()",3,octep_sriov_enable;pas_setup_mce_regs;pasemi_dma_init,158,10,uncore_pci_sub_driver_init,False,True,HIGH,"1. Decision: YES

2. Detailed reasoning:

This code contains a definite violation of the security rule. Here's my analysis:

**The violation occurs in the while loop:**
```c
while ((pci_sub_dev = pci_get_device(PCI_VENDOR_ID_INTEL, ids->device, pci_sub_dev))) {
    // ... processing code ...
}
```

**Why this is a violation:**

- `pci_get_device()` returns a pointer with an incremented reference count that must be decremented with `pci_dev_put()`
- The function processes each returned device but never calls `pci_dev_put()` to decrement the reference count
- Even though the pointer is passed back to `pci_get_device()` in the next iteration, this doesn't automatically handle the reference counting - the caller is still responsible for calling `pci_dev_put()`
- When the loop exits (either normally or via `continue` statements), the reference count remains elevated for all processed devices

**Why common false positive scenarios don't apply:**

- The pointer is not passed as a parameter from an external function
- While the pointer is used in a loop, it's not assigned to a persistent variable that maintains the reference
- The `continue` statements create early exit paths that skip `pci_dev_put()` calls
- The function doesn't return the pointer for caller management
- There's no error handling that properly decrements reference counts

**The security impact:**
This creates a memory leak where PCI device reference counts are never decremented, potentially preventing proper device cleanup and resource management.

3. Confidence level: HIGH

The violation is clear and definitive - `pci_get_device()` increments reference counts that are never decremented by corresponding `pci_dev_put()` calls."
c158cf914713,fwnode_get_named_child_node,A call to function fwnode_get_named_child_node,The returned fwnode pointer must be released with fwnode_handle_put.,2,mv88e6xxx_port_setup_leds;mvpp2_use_acpi_compat_mode,33,10,ub960_parse_dt_rxport_link_properties,False,True,HIGH,"1. Decision: YES

2. Detailed reasoning:

This code contains a definite violation of the security rule. Here's my analysis:

**The violation occurs at line:**
```c
rxport->ser.fwnode = fwnode_get_named_child_node(link_fwnode, ""serializer"");
```

**Why this is a violation:**
- `fwnode_get_named_child_node()` returns a new fwnode pointer with an incremented reference count
- The returned pointer is assigned to `rxport->ser.fwnode` 
- The function then continues to use this pointer for property reading but never calls `fwnode_handle_put()` to release it
- When the function returns (either successfully or via error paths), the reference count remains elevated, causing a memory leak

**Critical issues:**
1. **No cleanup on success path**: The function returns 0 successfully without releasing the fwnode reference
2. **No cleanup on error paths**: After the fwnode is obtained, there are multiple error return paths (e.g., when `fwnode_property_read_u32()` fails) that don't release the reference
3. **Assignment doesn't transfer ownership**: Simply assigning the pointer to a struct member doesn't release the caller's responsibility to call `fwnode_handle_put()`

**This is NOT a false positive because:**
- The pointer is not returned to the caller for management
- The pointer is not passed as a parameter (it's locally obtained)
- There are no proper cleanup mechanisms in place
- The assignment to a struct member doesn't constitute proper reference management

The code should either call `fwnode_handle_put()` before returning, or implement proper cleanup in error handling paths.

3. Confidence: HIGH"
c158cf914713,of_graph_get_remote_endpoint,A call to of_graph_get_remote_endpoint(),The returned device_node pointer must be released with of_node_put() when no longer needed,1,sun4i_tcon_of_get_id_from_port,19,10,rockchip_drm_encoder_set_crtc_endpoint_id,False,True,HIGH,"1. Decision: YES

2. Detailed reasoning:

This code has a definite memory leak violation. Let me trace through the reference management:

- `en = of_graph_get_endpoint_by_regs(np, port, reg)` - This returns a device_node pointer with an incremented reference count that must be released with of_node_put()
- `ren = of_graph_get_remote_endpoint(en)` - This also returns a device_node pointer with an incremented reference count that must be released with of_node_put()

The violations are:
1. **`en` is never released**: After getting the endpoint node, it's used to get the remote endpoint but never freed with of_node_put(en)
2. **`ren` is never released**: After parsing the endpoint to extract the ID, the remote endpoint node is never freed with of_node_put(ren)

Both pointers are local variables that go out of scope when the function returns, but their reference counts remain incremented, causing memory leaks. The function extracts the endpoint ID (`ep.id`) and stores it in `rkencoder->crtc_endpoint_id`, but this is just copying an integer value - it doesn't maintain any reference to the device nodes.

The error paths also leak memory:
- If `of_graph_parse_endpoint()` fails, both `en` and `ren` are leaked
- If `of_graph_get_remote_endpoint()` returns NULL, `en` is leaked

This is a clear violation of the security rule requiring proper cleanup of device_node pointers returned by of_graph functions.

3. Confidence: HIGH"
c158cf914713,of_graph_get_remote_endpoint,A call to of_graph_get_remote_endpoint(),The returned device_node pointer must be released with of_node_put() when no longer needed,1,sun4i_tcon_of_get_id_from_port,19,10,lvds_probe,False,True,HIGH,"1. Decision: YES

2. Detailed reasoning:

There is a DEFINITE security violation in this code. The function calls `of_graph_get_remote_endpoint(remote)` twice within the `-EINVAL` case of the switch statement, but never calls `of_node_put()` on the returned device_node pointers.

Specifically:
- Line: `if (of_graph_get_remote_endpoint(remote)) {` (first occurrence in port1 handling)
- Line: `if (of_graph_get_remote_endpoint(remote)) {` (second occurrence in port2 handling)

In both cases, `of_graph_get_remote_endpoint()` returns a device_node pointer that should be released with `of_node_put()`, but the code only uses these pointers in conditional checks and then discards them without proper cleanup.

The code does properly handle other device_node pointers:
- `port1` and `port2` are correctly released with `of_node_put(port1)` and `of_node_put(port2)`
- `remote` pointers are correctly released with `of_node_put(remote)` after each use

However, the return values from `of_graph_get_remote_endpoint()` are completely ignored after the conditional check, creating a memory leak.

The fix would be to store the return value and call `of_node_put()` on it:
```c
struct device_node *endpoint = of_graph_get_remote_endpoint(remote);
if (endpoint) {
    // existing logic
    of_node_put(endpoint);
}
```

3. Confidence: HIGH

This is a clear violation of the security rule with no ambiguity. The function definitively leaks device_node references returned by `of_graph_get_remote_endpoint()`."
10d6bdf53290,of_find_device_by_node,A call to function of_find_device_by_node,The reference must be released with put_device if the device is no longer needed.,2,rzn1_dmamux_route_allocate;tegra210_xusb_padctl_probe,184,10,rcar_du_cmm_init,False,True,HIGH,"1. Decision: YES

2. Detailed reasoning:

This code contains a definite security violation. Let me trace through the critical path:

1. `pdev = of_find_device_by_node(cmm)` - This call increments the reference count on the device
2. The code then calls `rcar_cmm_init(pdev)` 
3. If `rcar_cmm_init(pdev)` succeeds (returns 0), the code continues to:
   - `rcdu->cmms[i] = pdev` - assigns the device pointer to an array
   - Creates a device link with `device_link_add()`
4. **Critical issue**: If `device_link_add()` fails and returns NULL, the code executes:
   ```c
   dev_err(rcdu->dev, ""Failed to create device link to CMM%u\n"", i);
   return -EINVAL;
   ```

At this point, the function returns with an error, but the `pdev` reference obtained from `of_find_device_by_node()` is never released with `put_device()`. The reference is stored in `rcdu->cmms[i]`, but since the function is returning an error, the caller will likely not proceed with normal cleanup, leading to a leaked device reference.

The code properly handles the reference in other error paths (calling `platform_device_put(pdev)` when `rcar_cmm_init()` fails), but fails to do so in the `device_link_add()` failure path.

3. Confidence: HIGH

The violation is clear and definite - there's a specific error path where the device reference is not properly released, violating the security rule that requires `put_device()` (or `platform_device_put()` in this case) when the device is no longer needed."
10d6bdf53290,of_find_device_by_node,A call to function of_find_device_by_node,The reference must be released with put_device if the device is no longer needed.,2,rzn1_dmamux_route_allocate;tegra210_xusb_padctl_probe,184,10,dsi_get_phy,False,True,HIGH,"1. Decision: YES

2. Detailed reasoning:

This code has a definite security violation. Let me trace through the execution paths:

**The violation occurs in the success path:**
- `phy_pdev = of_find_device_by_node(phy_node)` - gets a reference that needs to be released
- When `phy_pdev` is non-NULL, the code enters the if block:
  ```c
  if (phy_pdev) {
      msm_dsi->phy = platform_get_drvdata(phy_pdev);
      msm_dsi->phy_dev = &phy_pdev->dev;
  }
  ```
- The function then continues and returns 0 (success) without calling `put_device()`

**Why this is a violation:**
- The reference obtained from `of_find_device_by_node()` is never released in the success case
- While `msm_dsi->phy_dev = &phy_pdev->dev` stores a pointer to the device, this does NOT transfer ownership of the reference
- Storing a pointer to the device structure is not equivalent to maintaining the reference count - the original reference from `of_find_device_by_node()` is still held and needs explicit release

**Error path analysis (correctly handled):**
- If `!msm_dsi->phy`, the code properly calls `put_device(&phy_pdev->dev)` before returning
- This shows the developers understood the requirement but missed the success path

**This is not a false positive because:**
- The pointer is not returned to the caller for management
- No other mechanism maintains the reference count
- The success path definitively leaks the reference

3. Confidence level: HIGH

The violation is clear and definite - the success path fails to release the reference obtained from `of_find_device_by_node()`, creating a reference leak."
10d6bdf53290,of_find_device_by_node,A call to function of_find_device_by_node,The reference must be released with put_device if the device is no longer needed.,2,rzn1_dmamux_route_allocate;tegra210_xusb_padctl_probe,184,10,msm_hdmi_get_phy,False,True,HIGH,"1. Decision: YES

2. Detailed reasoning:

This code has a definite security violation. Let me trace through the execution paths:

**The violation occurs in the success path:**
- `of_find_device_by_node(phy_node)` returns a platform device with an incremented reference count
- The device reference is stored in `phy_pdev`
- In the error path (when `hdmi->phy` is NULL), the code correctly calls `put_device(&phy_pdev->dev)` to release the reference
- However, in the success path, the code assigns `hdmi->phy_dev = &phy_pdev->dev` and returns 0 **without calling put_device()**

**Why this is a violation:**
- The `of_find_device_by_node()` function increments the device reference count
- The security rule requires calling `put_device()` when the device is no longer needed
- While `hdmi->phy_dev` stores a pointer to the device, this does NOT transfer ownership of the reference count
- The original reference obtained from `of_find_device_by_node()` is never released in the success case
- This creates a reference leak where the device reference count will never be properly decremented

**This is not a false positive because:**
- The pointer is not passed as a parameter (it's obtained locally)
- While assigned to `hdmi->phy_dev`, this doesn't maintain the reference count properly
- There's no indication that the caller will handle the reference management
- The function doesn't return the pointer for caller management

The code should call `put_device(&phy_pdev->dev)` after the assignment `hdmi->phy_dev = &phy_pdev->dev` in the success path.

3. Confidence: HIGH"
10d6bdf53290,of_find_device_by_node,A call to function of_find_device_by_node,The reference must be released with put_device if the device is no longer needed.,2,rzn1_dmamux_route_allocate;tegra210_xusb_padctl_probe,184,10,ill_acc_of_setup,False,True,HIGH,"1. Decision: YES

2. Detailed reasoning:

This code has a DEFINITE security violation. Let me trace through the execution paths:

**The violation occurs in the success path:**
- `pdev = of_find_device_by_node(np)` - gets a reference to the device
- The function then proceeds through several operations (IRQ parsing, IRQ request)
- If all operations succeed, the function returns 0 (success)
- **CRITICAL ISSUE**: In the success path, `put_device(&pdev->dev)` is never called

**Error paths are handled correctly:**
- If `irq_of_parse_and_map()` fails: `put_device(&pdev->dev)` is called before returning
- If `request_irq()` fails: `put_device(&pdev->dev)` is called before returning

**Why this is a definite violation:**
The `of_find_device_by_node()` function increments the device reference count. According to the security rule, this reference must be released with `put_device()` when the device is no longer needed. In the success case, the function completes its setup work and returns, but never releases the device reference it obtained. This creates a reference leak that prevents proper cleanup of the device.

The device reference is not:
- Passed as a parameter (it's locally obtained)
- Assigned to a persistent variable that maintains the reference
- Returned to the caller for management
- Used in any way that would justify keeping the reference

3. Confidence: HIGH

The violation is clear and unambiguous - there's a missing `put_device(&pdev->dev)` call in the success path after the device setup is complete."
42378a9ca553,krealloc_array,A call to function krealloc_array,The old allocation must be freed with kfree if the new allocation fails.,2,cpg_mssr_reserved_init;iort_rmr_alloc_sids,25,10,add_sysfs_param,False,True,HIGH,"1. Decision: YES

2. Detailed reasoning:

Looking at the krealloc_array call:
```c
new_attrs = krealloc_array(mk->mp->grp.attrs, mk->mp->num + 1,
                          sizeof(mk->mp->grp.attrs[0]), GFP_KERNEL);
if (!new_attrs)
    return -ENOMEM;
mk->mp->grp.attrs = new_attrs;
```

This code violates the security rule. Here's the analysis:

- `krealloc_array` is called on `mk->mp->grp.attrs` (the old allocation)
- If the reallocation fails, `new_attrs` will be NULL
- The function immediately returns `-ENOMEM` without freeing the original `mk->mp->grp.attrs`
- According to krealloc semantics, when reallocation fails, the original pointer remains valid and must be freed manually
- Since `mk->mp->grp.attrs` still points to the old allocation and the function returns early, this memory is leaked

The violation is clear because:
- The old allocation (`mk->mp->grp.attrs`) is not freed when `krealloc_array` fails
- The function returns immediately on failure without any cleanup
- There's no error handling path that frees the original memory
- The comment ""Caller will cleanup via free_module_param_attrs"" refers to earlier allocations, not this specific krealloc failure case

This is a definite memory leak that violates the stated security rule.

3. Confidence level: HIGH

The violation is straightforward and unambiguous - the old allocation is not freed when krealloc_array fails, creating a memory leak."
42378a9ca553,krealloc_array,A call to function krealloc_array,The old allocation must be freed with kfree if the new allocation fails.,2,cpg_mssr_reserved_init;iort_rmr_alloc_sids,25,10,ovl_ctx_realloc_lower,False,True,HIGH,"1. Decision: YES

2. Detailed reasoning:
This code violates the security rule for krealloc_array usage. Here's the analysis:

- The function calls `krealloc_array(ctx->lower, nr, sizeof(*l), GFP_KERNEL_ACCOUNT)`
- If the reallocation fails, `krealloc_array` returns NULL and is assigned to `l`
- The code then checks `if (!l)` and returns `-ENOMEM` immediately
- **Critical issue**: When krealloc_array fails, the original memory pointed to by `ctx->lower` is NOT automatically freed - it remains allocated
- However, the function returns without freeing the original `ctx->lower` allocation
- This creates a memory leak because the original allocation is lost and cannot be freed later

The correct pattern should be:
```c
l = krealloc_array(ctx->lower, nr, sizeof(*l), GFP_KERNEL_ACCOUNT);
if (!l) {
    kfree(ctx->lower);  // Free the original allocation
    ctx->lower = NULL;   // Prevent dangling pointer
    return -ENOMEM;
}
```

This is a definite violation because:
- The original `ctx->lower` memory is leaked when reallocation fails
- There's no mechanism to free the original allocation on failure
- The function doesn't return the pointer for caller management
- The pointer isn't assigned to another variable that maintains the reference

3. Confidence level: HIGH

This is a clear violation of the krealloc_array security rule with a definite memory leak scenario."
e3862093ee93,pci_get_subsys,Function pci_get_subsys that searches for and returns a reference to a PCI device,"When the returned pci_dev pointer is no longer needed, its reference count must be decremented by calling pci_dev_put() to prevent memory leaks",2,nforce2_detect_chipset;nforce2_fsb_read,9,9,vga_arb_device_init,False,True,HIGH,"1. Decision: YES

2. Detailed reasoning:

This code contains a definite violation of the security rule. Here's my analysis:

**The violation:**
- The code uses `pci_get_subsys()` in a while loop to iterate through PCI devices
- Each call to `pci_get_subsys()` returns a `pci_dev` pointer with an incremented reference count
- The loop processes each device by calling `vga_arbiter_add_pci_device(pdev)`
- However, there is no corresponding `pci_dev_put()` call to decrement the reference count for each device

**Why this is a definite violation:**
- `pci_get_subsys()` increments the reference count of the returned `pci_dev` structure
- The function `vga_arbiter_add_pci_device(pdev)` likely stores or processes the device information, but the original reference obtained from `pci_get_subsys()` is never released
- After each iteration, the local `pdev` variable is overwritten with the next device, but the reference count from the previous iteration is never decremented
- This creates a memory leak where each VGA device processed will have its reference count permanently incremented

**This is not a false positive because:**
- The pointer is not returned to a caller for management
- The pointer is not assigned to a persistent variable that would maintain the reference
- There's no error handling that would justify not calling `pci_dev_put()`
- The function is clearly leaking references in the normal execution path

**Correct pattern should be:**
```c
while ((pdev = pci_get_subsys(..., pdev)) != NULL) {
    if (pci_is_vga(pdev))
        vga_arbiter_add_pci_device(pdev);
    pci_dev_put(pdev);  // This is missing!
}
```

3. Confidence: HIGH

The violation is clear and unambiguous. The code follows a common but incorrect pattern of using PCI device iteration functions without properly managing reference counts."
e3862093ee93,pci_get_subsys,Function pci_get_subsys that searches for and returns a reference to a PCI device,"When the returned pci_dev pointer is no longer needed, its reference count must be decremented by calling pci_dev_put() to prevent memory leaks",2,nforce2_detect_chipset;nforce2_fsb_read,9,9,gpib_pci_get_subsys,False,True,HIGH,"1. Decision: YES

2. Detailed reasoning:

This code has a definite memory leak violation. Here's the analysis:

**The Problem:**
In the while loop, `pci_get_subsys()` is called repeatedly, and each call returns a new `pci_dev` pointer with an incremented reference count. However, when the loop continues (via the `continue` statements), the previous `pci_device` pointer is overwritten without calling `pci_dev_put()` to decrement its reference count.

**Specific violation points:**
- When `config->pci_bus >= 0 && config->pci_bus != pci_device->bus->number` is true, the function continues without releasing the current `pci_device`
- When `config->pci_slot >= 0 && config->pci_slot != PCI_SLOT(pci_device->devfn)` is true, same issue
- When `gpib_match_device_path()` returns 0, same issue

**Why this is NOT a false positive:**
- The function does return a pointer, but only when a match is found
- The leaked references occur in the loop iterations where no match is found and `continue` is executed
- Each `continue` statement abandons a valid `pci_dev` pointer without decrementing its reference count
- The `from` parameter being passed through doesn't change the fact that new references are being leaked

**Correct behavior would be:**
Before each `continue`, the code should call `pci_dev_put(pci_device)` to release the reference obtained from `pci_get_subsys()`.

3. Confidence: HIGH

The violation is clear and definite - there are multiple code paths where `pci_dev` references are leaked when the loop continues without finding a match."
e3862093ee93,pci_get_subsys,Function pci_get_subsys that searches for and returns a reference to a PCI device,"When the returned pci_dev pointer is no longer needed, its reference count must be decremented by calling pci_dev_put() to prevent memory leaks",2,nforce2_detect_chipset;nforce2_fsb_read,9,9,ines_common_pci_attach,False,True,HIGH,"1. Decision: YES

2. Detailed reasoning:

This code has a DEFINITE security violation. Here's my analysis:

**The violation occurs in the PCI device search loop:**
- The code calls `pci_get_subsys()` and `pci_get_device()` in a loop to find matching PCI devices
- When a device is found but doesn't match the bus/slot criteria, the code uses `continue` to skip to the next iteration
- However, when `continue` is executed, the `pdev` pointer (returned by `pci_get_subsys`/`pci_get_device`) is not released with `pci_dev_put()`
- This creates a memory leak for each non-matching device found

**Specific problematic code paths:**
```c
if (config->pci_bus >= 0 && config->pci_bus != pdev->bus->number)
    continue;  // LEAK: pdev reference not released
if (config->pci_slot >= 0 && config->pci_slot != PCI_SLOT(pdev->devfn))
    continue;  // LEAK: pdev reference not released
```

**Why this is a definite violation:**
- Each call to `pci_get_subsys()`/`pci_get_device()` increments the reference count
- The `continue` statements bypass any cleanup, leaving dangling references
- Only the final matching device is stored in `ines_priv->pci_device`, but all the non-matching devices found during the search are leaked

**Additional error path violations:**
- Multiple error return paths after finding the device don't call `pci_dev_put()` on `ines_priv->pci_device`
- For example, the `pci_enable_device()` failure path and the ""unspecified chip type"" error path

3. Confidence: HIGH

This is a clear violation of the security rule with definite memory leaks in multiple code paths."
e3862093ee93,pci_get_subsys,Function pci_get_subsys that searches for and returns a reference to a PCI device,"When the returned pci_dev pointer is no longer needed, its reference count must be decremented by calling pci_dev_put() to prevent memory leaks",2,nforce2_detect_chipset;nforce2_fsb_read,9,9,speedstep_detect_chipset,False,True,HIGH,"1. Decision: YES

2. Detailed reasoning:

This code has a definite security violation. Let me analyze the flow:

The function calls `pci_get_subsys()` multiple times and assigns the returned pointer to the global variable `speedstep_chipset_dev`. Each call to `pci_get_subsys()` increments the reference count of the PCI device.

The critical issue is in the third `pci_get_subsys()` call sequence:
- `speedstep_chipset_dev` gets a PCI device pointer (reference count incremented)
- If the device is found, the code enters the conditional block
- Inside, another `pci_get_subsys()` call is made for `hostbridge`
- If `hostbridge->revision < 5`, the code sets `speedstep_chipset_dev = NULL`
- The `hostbridge` pointer is properly released with `pci_dev_put(hostbridge)`
- However, the original `speedstep_chipset_dev` pointer (which held a valid PCI device reference) is simply set to NULL without calling `pci_dev_put()`

This creates a memory leak because the reference count for the original PCI device stored in `speedstep_chipset_dev` is never decremented. The pointer is lost when set to NULL, but the kernel still holds the reference.

The code properly handles the `hostbridge` pointer but fails to handle the original `speedstep_chipset_dev` reference before nullifying it.

3. Confidence: HIGH

The violation is clear and definite - there's a path where a PCI device reference is obtained but never released, leading to a reference count leak."
f89672cc3681,memdup_user_nul,memdup_user_nul function that copies user data with size parameter len,The len parameter must be validated to be within reasonable bounds (greater than or equal to 0 and less than a maximum safe allocation size) before performing allocation and copy operations to prevent integer overflow and excessive memory allocation,6,bnad_debugfs_write_regrd;bnad_debugfs_write_regwr;idt_dbgfs_csr_write;led_proc_write;ofdt_write;proc_write_simdisk,100,10,mipi_dbi_debugfs_command_write,False,True,HIGH,"1. Decision: YES

2. Detailed reasoning explaining my analysis:

This code violates the security rule because the `count` parameter is passed directly to `memdup_user_nul()` without any validation of its bounds. Here's the specific analysis:

**Violation Details:**
- The `count` parameter (of type `size_t`) is passed directly to `memdup_user_nul(ubuf, count)` on line 13 without any prior validation
- There are no checks to ensure `count` is within reasonable bounds
- No verification that `count` is less than a maximum safe allocation size
- No check for potential integer overflow scenarios

**Security Risks:**
- **Excessive Memory Allocation**: A malicious user could pass an extremely large `count` value, causing the kernel to attempt to allocate gigabytes or more of memory, potentially leading to system instability or denial of service
- **Integer Overflow**: While less likely with `size_t`, there could still be scenarios where arithmetic operations on `count` could overflow
- **Resource Exhaustion**: Large allocations could exhaust kernel memory pools

**What Should Be Present:**
The code should include validation such as:
```c
if (count == 0 || count > MAX_REASONABLE_SIZE) {
    ret = -EINVAL;
    goto err_exit;
}
```

**Why This Is Not a False Positive:**
- This is not about memory leak management (the `kfree(buf)` is properly handled)
- This is specifically about input validation before allocation
- The security rule explicitly requires validation of the len parameter before allocation operations
- The absence of bounds checking creates a clear security vulnerability

3. Confidence level: HIGH

The violation is clear and definitive - there is no bounds checking on the `count` parameter before it's used in the memory allocation function, which directly violates the stated security rule."
f89672cc3681,memdup_user_nul,memdup_user_nul function that copies user data with size parameter len,The len parameter must be validated to be within reasonable bounds (greater than or equal to 0 and less than a maximum safe allocation size) before performing allocation and copy operations to prevent integer overflow and excessive memory allocation,6,bnad_debugfs_write_regrd;bnad_debugfs_write_regwr;idt_dbgfs_csr_write;led_proc_write;ofdt_write;proc_write_simdisk,100,10,msm_dp_test_active_write,False,True,HIGH,"1. Decision: YES

2. Detailed reasoning:

This code violates the security rule because it fails to validate the `len` parameter before passing it to `memdup_user_nul()`. Let me analyze the specific issues:

**Missing validation checks:**
- The code only checks `if (len == 0)` and returns early, but this is insufficient
- There is no upper bound check on `len` to prevent excessive memory allocation
- There is no check to ensure `len` is not negative (though `size_t` is unsigned, this is still a good practice)
- The `len` parameter comes directly from user space via the write() system call and could be arbitrarily large

**Security implications:**
- A malicious user could pass an extremely large value for `len` (e.g., SIZE_MAX or close to it)
- This would cause `memdup_user_nul()` to attempt to allocate massive amounts of memory
- This could lead to:
  - System memory exhaustion
  - Denial of service attacks
  - Potential integer overflow issues in allocation calculations
  - System instability

**Proper validation should include:**
- Maximum size check (e.g., `len > MAX_REASONABLE_SIZE`)
- The kernel typically uses limits like PAGE_SIZE or similar reasonable bounds for user input buffers

**Note on memory management:**
While the code does properly free the allocated memory with `kfree(input_buffer)` in both success and error paths, this doesn't address the core security issue of unbounded allocation.

3. Confidence level: HIGH

The violation is clear and definitive - the function accepts unbounded user input for memory allocation without any reasonable size limits, which is a well-known security vulnerability pattern."
07161b2416f7,usbnet_get_endpoints,A call to function usbnet_get_endpoints,The return value must be checked for error before proceeding.,3,ax88172_bind;ax88178_bind;ax88772_bind,23,10,ch9200_bind,False,True,HIGH,"1. Decision: YES

2. Detailed reasoning explaining my analysis:

The code violates the security rule ""The return value must be checked for error before proceeding"" in multiple instances. While the first call to `usbnet_get_endpoints()` properly checks the return value:

```c
retval = usbnet_get_endpoints(dev, intf);
if (retval)
    return retval;
```

The subsequent calls to `control_write()` do NOT check their return values for errors before proceeding:

- Multiple `control_write()` calls store their return values in `retval` but never check if they indicate an error
- The function continues executing subsequent operations even if previous `control_write()` calls failed
- The final call to `get_mac_address(dev, addr)` also stores its return value in `retval` without checking for errors
- Only the very last `return retval;` statement returns the error status, but by then multiple operations may have failed silently

This is a clear violation because:
- Error return values are being ignored and overwritten
- Failed operations could leave the device in an inconsistent state
- Subsequent operations proceed even when previous ones may have failed
- The function only reports the error status of the LAST operation, not any intermediate failures

The pattern should check each `control_write()` and `get_mac_address()` return value and handle errors appropriately before proceeding to the next operation.

3. Confidence level: HIGH

The violation is clear and definitive - multiple function calls that can return error codes are not being checked before proceeding with subsequent operations."
f89672cc3681,simple_write_to_buffer,simple_write_to_buffer function that copies user data to a buffer with position and count parameters,The count parameter must be validated to be non-zero and the effective write size (count adjusted for position) must not exceed the available buffer space (available - pos) before performing the copy_from_user operation,1,ad3552r_hs_write_data_source,72,10,xe_gt_sriov_pf_migration_write_guc_state,False,True,HIGH,"1. Decision: YES

2. Detailed reasoning:

This code violates the security rule because it fails to validate the count parameter and buffer bounds before calling `simple_write_to_buffer`. Here's the specific analysis:

**Rule Violation Analysis:**
- The rule requires: ""count parameter must be validated to be non-zero and the effective write size (count adjusted for position) must not exceed the available buffer space (available - pos)""

**Code Issues:**
1. **No count validation**: The `size` parameter is passed directly to `simple_write_to_buffer` without any validation to ensure it's non-zero
2. **No buffer bounds checking**: The code calls `pf_alloc_guc_state(gt, snapshot, size)` to allocate a buffer of `size` bytes, then immediately calls `simple_write_to_buffer(snapshot->guc.buff, size, &pos, buf, size)` with the same size for both buffer capacity and write count
3. **Position not considered**: While `pos` starts at 0, there's no validation that the effective write size doesn't exceed available space

**Critical Security Issue:**
The function passes `size` as both the buffer size AND the write count to `simple_write_to_buffer`. Since `pos` starts at 0, this appears safe at first glance, but:
- If `size` is 0, this could cause undefined behavior
- The function doesn't validate that `size` is reasonable or within expected bounds
- There's no protection against extremely large `size` values that could cause allocation failures or other issues

**Why this is a definite violation:**
The security rule specifically requires validation of the count parameter for non-zero value and buffer bounds checking. This code performs neither validation, making it a clear violation of the stated security requirements.

3. Confidence level: HIGH

The violation is clear and definite - the code lacks the required validations specified in the security rule."
